frame_no,timestamp,size_px-darkorange,position_px_x-darkorange,position_px_y-darkorange,rx-darkorange,ry-darkorange,vx-darkorange,vy-darkorange,ax-darkorange,ay-darkorange,size_px-hotpink,position_px_x-hotpink,position_px_y-hotpink,rx-hotpink,ry-hotpink,vx-hotpink,vy-hotpink,ax-hotpink,ay-hotpink,size_px-lightorange,position_px_x-lightorange,position_px_y-lightorange,rx-lightorange,ry-lightorange,vx-lightorange,vy-lightorange,ax-lightorange,ay-lightorange,size_px-yellowneon,position_px_x-yellowneon,position_px_y-yellowneon,rx-yellowneon,ry-yellowneon,vx-yellowneon,vy-yellowneon,ax-yellowneon,ay-yellowneon
1,142.1,,,,,,,,,,,,,,,,,,,30,289,97,,,,,,,,,,,,,,,
2,246,,,,,,,,,,,,,,,,,,,26,39,445,,,,,,,,,,,,,,,
3,268.8,,,,,,,,,,,,,,,,,,,19,678,394,,,,,,,,,,,,,,,
4,289.8,16,334,303,,,,,,,,,,,,,,,,14,640,216,,,,,,,,,,,,,,,
5,301.4,,,,,,,,,,,,,,,,,,,28,1070,821,,,,,,,,,,,,,,,
6,313.4,13,599,231,,,,,,,14,320,331,,,,,,,,,,,,,,,,14,427,609,,,,,,
7,327.6,15,586,238,,,,,,,,,,,,,,,,,,,,,,,,,14,430,623,,,,,,
8,338.5,15,569,245,,,,,,,12,302,371,,,,,,,,,,,,,,,,14,433,637,,,,,,
9,350.8,15,555,253,,,,,,,13,292,390,,,,,,,,,,,,,,,,15,437,650,,,,,,
10,360,13,542,262,,,,,,,14,287,412,,,,,,,,,,,,,,,,14,443,665,,,,,,
11,399.8,13,535,269,,,,,,,13,283,426,,,,,,,,,,,,,,,,14,447,675,,,,,,
12,418.5,14,534,273,,,,,,,14,283,432,,,,,,,,,,,,,,,,14,449,680,,,,,,
13,418.5,13,537,273,,,,,,,13,283,429,,,,,,,,,,,,,,,,14,448,680,,,,,,
14,448,14,541,273,,,,,,,13,284,425,,,,,,,,,,,,,,,,14,444,679,,,,,,
15,484,14,543,272,,,,,,,13,285,422,,,,,,,,,,,,,,,,14,441,677,,,,,,
16,516.1,14,546,273,,,,,,,13,284,417,,,,,,,,,,,,,,,,14,438,676,,,,,,
17,548.3,14,548,272,,,,,,,13,284,414,,,,,,,,,,,,,,,,14,434,673,,,,,,
18,584.9,14,549,272,,,,,,,13,284,408,,,,,,,,,,,,,,,,14,429,671,,,,,,
19,616,13,553,272,,,,,,,13,285,402,,,,,,,,,,,,,,,,14,424,668,,,,,,
20,648.4,14,559,271,,,,,,,14,287,392,,,,,,,,,,,,,,,,14,418,664,,,,,,
21,684,13,565,270,,,,,,,13,289,382,,,,,,,,,,,,,,,,14,411,658,,,,,,
22,715.9,13,572,270,,,,,,,13,291,371,,,,,,,,,,,,,,,,14,403,651,,,,,,
23,748.1,14,579,270,,,,,,,13,295,360,,,,,,,,,,,,,,,,14,396,644,,,,,,
24,784.6,13,584,270,,,,,,,14,297,353,,,,,,,,,,,,,,,,14,390,639,,,,,,
25,816.4,14,588,271,,,,,,,14,300,347,,,,,,,,,,,,,,,,14,385,635,,,,,,
26,848.8,14,593,272,,,,,,,14,302,342,,,,,,,,,,,,,,,,14,382,632,,,,,,
27,884.7,14,595,273,,,,,,,13,303,339,,,,,,,,,,,,,,,,14,379,630,,,,,,
28,916.9,14,596,275,,,,,,,13,304,336,,,,,,,,,,,,,,,,14,376,628,,,,,,
29,948.3,14,596,277,,,,,,,13,304,335,,,,,,,,,,,,,,,,14,372,627,,,,,,
30,984.1,14,597,279,,,,,,,14,304,332,,,,,,,,,,,,,,,,14,368,626,,,,,,
31,1016,14,597,281,,,,,,,13,304,332,,,,,,,,,,,,,,,,14,365,626,,,,,,
32,1048.4,14,598,281,,,,,,,14,304,330,,,,,,,,,,,,,,,,14,364,625,,,,,,
33,1084.2,14,601,280,,,,,,,14,305,329,,,,,,,,,,,,,,,,14,364,623,,,,,,
34,1116,14,604,279,,,,,,,13,308,323,,,,,,,,,,,,,,,,14,363,619,,,,,,
35,1148.3,13,608,278,,,,,,,13,313,318,,,,,,,,,,,,,,,,14,362,615,,,,,,
36,1184.4,13,611,278,,,,,,,13,315,315,,,,,,,,,,,,,,,,14,362,612,,,,,,
37,1216.1,13,613,277,,,,,,,13,316,312,,,,,,,,,,,,,,,,14,362,610,,,,,,
38,1255.7,13,614,277,,,,,,,13,317,312,,,,,,,,,,,,,,,,14,362,609,,,,,,
39,1286.6,13,613,277,,,,,,,13,316,313,,,,,,,,,,,,,,,,14,362,609,,,,,,
40,1316.3,13,612,278,,,,,,,13,316,313,,,,,,,,,,,,,,,,14,361,609,,,,,,
41,1348.2,13,613,278,,,,,,,12,315,313,,,,,,,,,,,,,,,,14,361,610,,,,,,
42,1384,13,612,279,,,,,,,13,314,314,,,,,,,,,,,,,,,,14,360,610,,,,,,
43,1420.1,13,612,278,,,,,,,13,315,313,,,,,,,,,,,,,,,,14,359,610,,,,,,
44,1448.2,13,612,279,,,,,,,13,315,312,,,,,,,,,,,,,,,,14,358,609,,,,,,
45,1483.9,14,614,278,,,,,,,13,315,310,,,,,,,,,,,,,,,,14,358,608,,,,,,
46,1516,13,613,279,,,,,,,12,316,309,,,,,,,,,,,,,,,,14,358,607,,,,,,
47,1548.3,13,614,278,,,,,,,13,316,309,,,,,,,,,,,,,,,,14,357,607,,,,,,
48,1584.1,13,615,278,,,,,,,13,317,309,,,,,,,,,,,,,,,,14,357,606,,,,,,
49,1616.1,13,617,278,,,,,,,13,318,306,,,,,,,,,,,,,,,,14,357,604,,,,,,
50,1648.4,13,618,279,,,,,,,13,319,305,,,,,,,,,,,,,,,,14,357,603,,,,,,
51,1684.6,13,618,278,,,,,,,13,319,306,,,,,,,,,,,,,,,,14,357,603,,,,,,
52,1716.1,13,616,278,,,,,,,13,319,307,,,,,,,,,,,,,,,,14,357,604,,,,,,
53,1748.1,13,615,278,,,,,,,13,317,307,,,,,,,,,,,,,,,,14,357,605,,,,,,
54,1784.1,13,615,279,,,,,,,13,317,309,,,,,,,,,,,,,,,,14,357,606,,,,,,
55,1818.1,13,615,278,,,,,,,12,316,308,,,,,,,,,,,,,,,,14,357,606,,,,,,
56,1851.6,14,615,278,,,,,,,13,316,310,,,,,,,,,,,,,,,,15,358,606,,,,,,
57,1884.1,13,613,277,,,,,,,12,315,309,,,,,,,,,,,,,,,,14,358,607,,,,,,
58,1916.2,13,612,275,,,,,,,12,315,310,,,,,,,,,,,,,,,,14,359,607,,,,,,
59,1948.3,13,610,274,,,,,,,12,313,311,,,,,,,,,,,,,,,,14,361,608,,,,,,
60,1984.2,13,607,272,,,,,,,13,311,314,,,,,,,,,,,,,,,,14,363,610,,,,,,
61,2016.1,13,602,270,,,,,,,13,308,318,,,,,,,,,,,,,,,,14,365,612,,,,,,
62,2048.3,13,596,267,,,,,,,13,303,323,,,,,,,,,,,,,,,,14,368,616,,,,,,
63,2084,13,589,264,,,,,,,13,297,329,,,,,,,,,,,,,,,,14,373,620,,,,,,
64,2116.2,13,580,259,,,,,,,13,292,338,,,,,,,,,,,,,,,,14,379,624,,,,,,
65,2148.3,13,568,252,,,,,,,13,287,350,,,,,,,,,,,,,,,,15,390,630,,,,,,
66,2184.2,13,553,245,,,,,,,13,281,363,,,,,,,,,,,,,,,,15,404,635,,,,,,
67,2216.1,13,538,237,,,,,,,13,277,379,,,,,,,,,,,,,,,,15,422,640,,,,,,
68,2248.2,13,521,231,,,,,,,12,274,396,,,,,,,,,,,,,,,,14,444,643,,,,,,
69,2284.1,13,504,226,,,,,,,13,274,415,,,,,,,,,,,,,,,,15,465,644,,,,,,
70,2316.3,13,488,223,,,,,,,13,276,433,,,,,,,,,,,,,,,,15,487,643,,,,,,
71,2349.1,13,472,222,,,,,,,12,280,450,,,,,,,,,,,,,,,,15,509,640,,,,,,
72,2384,12,454,223,,,,,,,12,286,468,,,,,,,,,,,,,,,,15,531,637,,,,,,
73,2416.2,13,438,226,,,,,,,12,292,485,,,,,,,,,,,,,,,,15,553,631,,,,,,
74,2448.5,13,423,230,,,,,,,12,302,502,,,,,,,,,,,,,,,,15,575,623,,,,,,
75,2484.1,13,409,237,,,,,,,12,313,518,,,,,,,,,,,,,,,,15,596,614,,,,,,
76,2516,13,395,245,,,,,,,12,326,534,,,,,,,,,,,,,,,,14,616,603,,,,,,
77,2548.3,13,382,255,,,,,,,12,340,548,,,,,,,,,,,,,,,,15,636,590,,,,,,
78,2584.1,13,372,265,,,,,,,12,356,562,,,,,,,,,,,,,,,,15,655,576,,,,,,
79,2616.1,13,362,278,,,,,,,12,374,574,,,,,,,,,,,,,,,,15,673,561,,,,,,
80,2648.7,13,354,291,,,,,,,12,392,585,,,,,,,,,,,,,,,,15,689,544,,,,,,
81,2684,13,347,305,,,,,,,12,412,594,,,,,,,,,,,,,,,,15,703,526,,,,,,
82,2715.9,13,342,321,,,,,,,12,433,602,,,,,,,,,,,,,,,,15,717,507,,,,,,
83,2748,13,338,337,,,,,,,11,455,608,,,,,,,,,,,,,,,,15,728,487,,,,,,
84,2784.3,13,337,354,,,,,,,12,477,613,,,,,,,,,,,,,,,,15,740,467,,,,,,
85,2816,13,337,371,,,,,,,11,501,616,,,,,,,,,,,,,,,,15,749,446,,,,,,
86,2848.1,13,339,388,,,,,,,12,525,617,,,,,,,,,,,,,,,,15,756,424,,,,,,
87,2884.4,13,343,406,,,,,,,12,548,615,,,,,,,,,,,,,,,,15,761,402,,,,,,
88,2916,13,349,423,,,,,,,12,573,613,,,,,,,,,,,,,,,,15,765,381,,,,,,
89,2948.3,13,357,441,,,,,,,12,598,609,,,,,,,,,,,,,,,,15,768,360,,,,,,
90,2984.1,13,366,458,,,,,,,12,620,602,,,,,,,,,,,,,,,,15,767,339,,,,,,
91,3016.8,13,377,473,,,,,,,12,643,595,,,,,,,,,,,,,,,,15,766,318,,,,,,
92,3048.2,13,390,490,,,,,,,12,667,585,,,,,,,,,,,,,,,,16,763,298,,,,,,
93,3083.8,13,405,504,,,,,,,12,690,574,,,,,,,,,,,,,,,,15,759,280,,,,,,
94,3116.1,13,420,518,,,,,,,12,712,562,,,,,,,,,,,,,,,,15,753,262,,,,,,
95,3148.6,13,438,531,,,,,,,12,732,547,,,,,,,,,,,,,,,,15,745,245,,,,,,
96,3184.5,13,457,543,,,,,,,12,752,532,,,,,,,,,,,,,,,,15,738,230,,,,,,
97,3216.2,12,475,553,,,,,,,11,771,515,,,,,,,,,,,,,,,,14,728,216,,,,,,
98,3248,12,497,563,,,,,,,12,788,496,,,,,,,,,,,,,,,,15,717,204,,,,,,
99,3284,12,519,570,,,,,,,12,804,478,,,,,,,,,,,,,,,,14,705,193,,,,,,
100,3316.1,12,542,576,,,,,,,12,818,458,,,,,,,,,,,,,,,,14,694,184,,,,,,
101,3348.2,12,566,581,,,,,,,11,831,436,,,,,,,,,,,,,,,,14,682,177,,,,,,
102,3384,12,591,584,,,,,,,11,842,415,,,,,,,,,,,,,,,,14,669,171,,,,,,
103,3416.1,12,615,585,,,,,,,11,851,394,,,,,,,,,,,,,,,,14,656,167,,,,,,
104,3448.5,12,641,584,,,,,,,11,858,373,,,,,,,,,,,,,,,,14,643,165,,,,,,
105,3484.4,12,666,582,,,,,,,12,865,350,,,,,,,,,,,,,,,,14,630,165,,,,,,
106,3516.2,12,692,578,,,,,,,12,869,329,,,,,,,,,,,,,,,,14,618,167,,,,,,
107,3548.4,12,717,572,,,,,,,11,871,308,,,,,,,,,,,,,,,,14,605,170,,,,,,
108,3584,12,742,564,,,,,,,11,872,287,,,,,,,,,,,,,,,,14,594,175,,,,,,
109,3616,12,767,555,,,,,,,13,870,265,,,,,,,,,,,,,,,,15,583,182,,,,,,
110,3652.5,12,791,544,,,,,,,13,867,248,,,,,,,,,,,,,,,,14,574,190,,,,,,
111,3684.1,12,814,532,,,,,,,13,863,231,,,,,,,,,,,,,,,,15,565,200,,,,,,
112,3720.1,12,837,518,,,,,,,13,857,214,,,,,,,,,,,,,,,,15,558,210,,,,,,
113,3748.2,13,858,503,,,,,,,13,851,198,,,,,,,,,,,,,,,,15,551,223,,,,,,
114,3783.8,12,878,487,,,,,,,13,843,184,,,,,,,,,,,,,,,,15,547,237,,,,,,
115,3816,12,897,469,,,,,,,13,833,172,,,,,,,,,,,,,,,,15,543,251,,,,,,
116,3848.5,12,915,451,,,,,,,14,825,160,,,,,,,,,,,,,,,,15,541,266,,,,,,
117,3884.3,13,931,432,,,,,,,14,814,151,,,,,,,,,,,,,,,,15,541,282,,,,,,
118,3916.2,13,946,412,,,,,,,13,804,144,,,,,,,,,,,,,,,,15,542,299,,,,,,
119,3948.3,14,960,392,,,,,,,13,791,137,,,,,,,,,,,,,,,,15,546,316,,,,,,
120,3983.9,13,970,370,,,,,,,13,779,134,,,,,,,,,,,,,,,,15,551,333,,,,,,
121,4016.1,13,979,349,,,,,,,12,768,130,,,,,,,,,,,,,,,,14,557,350,,,,,,
122,4048.2,13,987,328,,,,,,,12,755,130,,,,,,,,,,,,,,,,14,566,368,,,,,,
123,4084.1,13,988,311,,,,,,,12,744,132,,,,,,,,,,,,,,,,14,572,382,,,,,,
124,4116.2,13,975,307,,,,,,,12,725,132,,,,,,,,,,,,,,,,15,561,386,,,,,,
125,4148.9,13,961,306,,,,,,,12,707,140,,,,,,,,,,,,,,,,15,550,397,,,,,,
126,4184.1,13,947,303,,,,,,,13,686,151,,,,,,,,,,,,,,,,14,541,413,,,,,,
127,4216.2,13,932,301,,,,,,,13,663,164,,,,,,,,,,,,,,,,14,533,433,,,,,,
128,4254.6,13,916,296,,,,,,,13,636,180,,,,,,,,,,,,,,,,14,527,456,,,,,,
129,4284,13,899,290,,,,,,,13,612,195,,,,,,,,,,,,,,,,14,523,480,,,,,,
130,4316.1,13,880,280,,,,,,,13,587,208,,,,,,,,,,,,,,,,14,522,500,,,,,,
131,4348,13,862,270,,,,,,,13,563,222,,,,,,,,,,,,,,,,14,521,517,,,,,,
132,4384,12,842,260,,,,,,,13,541,239,,,,,,,,,,,,,,,,14,524,536,,,,,,
133,4416.3,12,821,252,,,,,,,12,520,258,,,,,,,,,,,,,,,,15,530,555,,,,,,
134,4448,13,802,248,,,,,,,12,502,280,,,,,,,,,,,,,,,,15,540,575,,,,,,
135,4484.4,13,784,248,,,,,,,11,489,305,,,,,,,,,,,,,,,,15,550,595,,,,,,
136,4520.1,13,769,250,,,,,,,12,477,329,,,,,,,,,,,,,,,,15,561,613,,,,,,
137,4555.4,12,750,253,,,,,,,12,468,354,,,,,,,,,,,,,,,,15,572,630,,,,,,
138,4584,12,731,255,,,,,,,12,459,379,,,,,,,,,,,,,,,,15,585,645,,,,,,
139,4616.3,12,711,259,,,,,,,12,451,404,,,,,,,,,,,,,,,,15,598,660,,,,,,
140,4649.4,13,691,264,,,,,,,12,444,430,,,,,,,,,,,,,,,,14,610,673,,,,,,
141,4684.1,12,672,272,,,,,,,11,437,454,,,,,,,,,,,,,,,,15,623,685,,,,,,
142,4716.2,12,652,280,,,,,,,11,433,479,,,,,,,,,,,,,,,,14,637,695,,,,,,
143,4748.3,12,632,289,,,,,,,11,430,505,,,,,,,,,,,,,,,,15,649,704,,,,,,
144,4784.1,12,613,299,,,,,,,11,429,529,,,,,,,,,,,,,,,,15,663,712,,,,,,
145,4816.3,12,594,312,,,,,,,12,429,554,,,,,,,,,,,,,,,,14,677,719,,,,,,
146,4848.5,12,575,324,,,,,,,11,430,578,,,,,,,,,,,,,,,,15,690,724,,,,,,
147,4884,12,551,338,,,,,,,11,428,603,,,,,,,,,,,,,,,,14,701,728,,,,,,
148,4916,12,523,353,,,,,,,11,428,629,,,,,,,,,,,,,,,,15,710,728,,,,,,
149,4948.3,12,494,370,,,,,,,11,431,653,,,,,,,,,,,,,,,,14,723,720,,,,,,
150,4984,12,467,388,,,,,,,12,440,678,,,,,,,,,,,,,,,,15,739,707,,,,,,
151,5016,13,445,407,,,,,,,11,453,698,,,,,,,,,,,,,,,,15,753,692,,,,,,
152,5048.6,12,425,429,,,,,,,11,467,717,,,,,,,,,,,,,,,,14,764,674,,,,,,
153,5084.1,13,407,453,,,,,,,12,485,733,,,,,,,,,,,,,,,,14,773,655,,,,,,
154,5116.2,12,392,477,,,,,,,12,503,746,,,,,,,,,,,,,,,,15,780,634,,,,,,
155,5148.5,12,380,503,,,,,,,11,523,758,,,,,,,,,,,,,,,,15,783,611,,,,,,
156,5184.3,12,371,530,,,,,,,12,543,765,,,,,,,,,,,,,,,,15,784,588,,,,,,
157,5216.4,12,365,557,,,,,,,12,565,770,,,,,,,,,,,,,,,,15,781,563,,,,,,
158,5248.2,12,362,584,,,,,,,12,586,771,,,,,,,,,,,,,,,,15,776,540,,,,,,
159,5284.1,13,363,610,,,,,,,12,609,769,,,,,,,,,,,,,,,,16,767,516,,,,,,
160,5316.1,13,366,636,,,,,,,12,630,764,,,,,,,,,,,,,,,,16,755,494,,,,,,
161,5348.2,13,372,661,,,,,,,11,650,758,,,,,,,,,,,,,,,,16,740,473,,,,,,
162,5384.2,13,381,685,,,,,,,12,670,748,,,,,,,,,,,,,,,,15,723,453,,,,,,
163,5416.1,13,392,707,,,,,,,12,686,734,,,,,,,,,,,,,,,,15,704,435,,,,,,
164,5448.2,13,406,727,,,,,,,13,702,717,,,,,,,,,,,,,,,,15,682,420,,,,,,
165,5484.2,12,421,745,,,,,,,11,715,699,,,,,,,,,,,,,,,,15,658,406,,,,,,
166,5516.5,12,439,760,,,,,,,12,724,679,,,,,,,,,,,,,,,,15,633,396,,,,,,
167,5548.2,12,458,773,,,,,,,11,732,658,,,,,,,,,,,,,,,,15,606,388,,,,,,
168,5583.8,12,479,783,,,,,,,11,737,635,,,,,,,,,,,,,,,,15,579,383,,,,,,
169,5616,12,500,790,,,,,,,11,739,611,,,,,,,,,,,,,,,,15,551,381,,,,,,
170,5648.1,12,522,794,,,,,,,11,737,587,,,,,,,,,,,,,,,,15,523,382,,,,,,
171,5684.1,12,545,795,,,,,,,11,733,563,,,,,,,,,,,,,,,,15,495,386,,,,,,
172,5716.1,12,567,793,,,,,,,11,725,540,,,,,,,,,,,,,,,,15,469,393,,,,,,
173,5748.3,12,588,788,,,,,,,11,714,516,,,,,,,,,,,,,,,,15,442,404,,,,,,
174,5784.1,12,609,780,,,,,,,11,702,496,,,,,,,,,,,,,,,,15,418,416,,,,,,
175,5816.4,12,628,769,,,,,,,11,686,475,,,,,,,,,,,,,,,,15,394,431,,,,,,
176,5848.3,12,646,756,,,,,,,11,666,457,,,,,,,,,,,,,,,,15,372,449,,,,,,
177,5884,12,662,740,,,,,,,10,645,441,,,,,,,,,,,,,,,,15,353,468,,,,,,
178,5916.2,12,675,722,,,,,,,11,622,426,,,,,,,,,,,,,,,,15,335,489,,,,,,
179,5948.4,12,686,702,,,,,,,11,598,416,,,,,,,,,,,,,,,,15,320,512,,,,,,
180,5984,12,695,681,,,,,,,11,572,407,,,,,,,,,,,,,,,,15,309,536,,,,,,
181,6016,12,701,659,,,,,,,11,546,402,,,,,,,,,,,,,,,,15,300,562,,,,,,
182,6049.3,12,697,635,,,,,,,11,518,393,,,,,,,,,,,,,,,,15,288,578,,,,,,
183,6084.1,12,684,606,,,,,,,11,484,379,,,,,,,,,,,,,,,,15,272,584,,,,,,
184,6116,12,670,570,,,,,,,12,449,365,,,,,,,,,,,,,,,,15,258,591,,,,,,
185,6149.1,12,654,535,,,,,,,12,413,353,,,,,,,,,,,,,,,,14,246,598,,,,,,
186,6184.1,12,636,500,,,,,,,12,378,344,,,,,,,,,,,,,,,,14,236,605,,,,,,
187,6216.1,12,617,467,,,,,,,12,345,338,,,,,,,,,,,,,,,,15,229,611,,,,,,
188,6248.4,12,596,434,,,,,,,12,312,333,,,,,,,,,,,,,,,,14,224,617,,,,,,
189,6283.9,12,572,401,,,,,,,12,279,329,,,,,,,,,,,,,,,,14,221,622,,,,,,
190,6316.3,12,547,370,,,,,,,12,249,328,,,,,,,,,,,,,,,,14,219,626,,,,,,
191,6348.4,12,520,340,,,,,,,12,220,328,,,,,,,,,,,,,,,,14,220,629,,,,,,
192,6384.3,13,492,312,,,,,,,12,192,330,,,,,,,,,,,,,,,,14,222,630,,,,,,
193,6416.2,12,462,285,,,,,,,13,166,332,,,,,,,,,,,,,,,,15,226,629,,,,,,
194,6448.4,13,431,259,,,,,,,13,142,337,,,,,,,,,,,,,,,,15,229,627,,,,,,
195,6484,13,399,235,,,,,,,13,119,342,,,,,,,,,,,,,,,,15,236,623,,,,,,
196,6516.1,13,369,217,,,,,,,13,97,344,,,,,,,,,,,,,,,,15,237,617,,,,,,
197,6554.5,13,348,207,,,,,,,13,81,342,,,,,,,,,,,,,,,,15,229,610,,,,,,
198,6584.9,13,339,202,,,,,,,13,75,347,,,,,,,,,,,,,,,,15,231,608,,,,,,
199,6616,13,340,202,,,,,,,13,80,354,,,,,,,,,,,,,,,,15,242,611,,,,,,
200,6648.3,13,342,204,,,,,,,13,86,363,,,,,,,,,,,,,,,,15,254,614,,,,,,
201,6688.1,13,343,208,,,,,,,13,92,373,,,,,,,,,,,,,,,,15,268,620,,,,,,
202,6722.6,13,343,211,,,,,,,13,100,388,,,,,,,,,,,,,,,,15,285,626,,,,,,
203,6748.3,13,341,217,,,,,,,12,109,405,,,,,,,,,,,,,,,,15,306,633,,,,,,
204,6783.9,13,340,221,,,,,,,12,121,426,,,,,,,,,,,,,,,,15,332,640,,,,,,
205,6816.2,13,340,226,,,,,,,12,136,447,,,,,,,,,,,,,,,,15,361,644,,,,,,
206,6848.3,13,345,231,,,,,,,12,155,464,,,,,,,,,,,,,,,,15,391,648,,,,,,
207,6883.9,13,352,235,,,,,,,12,175,478,,,,,,,,,,,,,,,,15,422,648,,,,,,
208,6916.4,13,358,238,,,,,,,12,197,491,,,,,,,,,,,,,,,,15,451,647,,,,,,
209,6948.3,13,363,242,,,,,,,12,216,502,,,,,,,,,,,,,,,,15,479,644,,,,,,
210,6984,13,366,247,,,,,,,12,234,515,,,,,,,,,,,,,,,,15,504,643,,,,,,
211,7017.3,13,366,254,,,,,,,12,247,527,,,,,,,,,,,,,,,,15,523,642,,,,,,
212,7048.5,13,367,260,,,,,,,12,259,538,,,,,,,,,,,,,,,,15,540,641,,,,,,
213,7084.6,13,367,266,,,,,,,12,271,548,,,,,,,,,,,,,,,,14,556,640,,,,,,
214,7117.9,13,367,271,,,,,,,12,283,557,,,,,,,,,,,,,,,,14,571,637,,,,,,
215,7157.5,13,367,275,,,,,,,12,294,565,,,,,,,,,,,,,,,,14,585,633,,,,,,
216,7184.3,13,369,281,,,,,,,12,303,572,,,,,,,,,,,,,,,,14,595,632,,,,,,
217,7216,13,370,286,,,,,,,12,313,578,,,,,,,,,,,,,,,,15,607,630,,,,,,
218,7252.2,13,366,292,,,,,,,12,325,586,,,,,,,,,,,,,,,,15,622,624,,,,,,
219,7284.3,13,359,299,,,,,,,11,339,595,,,,,,,,,,,,,,,,15,637,614,,,,,,
220,7316.5,13,350,308,,,,,,,12,352,604,,,,,,,,,,,,,,,,15,652,599,,,,,,
221,7349.6,13,342,316,,,,,,,11,367,610,,,,,,,,,,,,,,,,15,665,584,,,,,,
222,7384.3,13,340,321,,,,,,,12,382,616,,,,,,,,,,,,,,,,14,678,568,,,,,,
223,7416.3,13,344,323,,,,,,,12,394,615,,,,,,,,,,,,,,,,14,688,561,,,,,,
224,7448,13,346,328,,,,,,,12,402,619,,,,,,,,,,,,,,,,14,695,559,,,,,,
225,7484.3,13,347,335,,,,,,,12,410,624,,,,,,,,,,,,,,,,14,702,557,,,,,,
226,7516.2,13,343,346,,,,,,,11,420,631,,,,,,,,,,,,,,,,14,708,552,,,,,,
227,7548.3,13,337,359,,,,,,,11,430,638,,,,,,,,,,,,,,,,14,714,544,,,,,,
228,7584.2,13,331,373,,,,,,,12,441,647,,,,,,,,,,,,,,,,15,718,534,,,,,,
229,7616.1,13,326,384,,,,,,,12,454,650,,,,,,,,,,,,,,,,15,722,518,,,,,,
230,7648.3,13,320,397,,,,,,,11,470,651,,,,,,,,,,,,,,,,15,726,497,,,,,,
231,7684.2,13,316,409,,,,,,,11,486,650,,,,,,,,,,,,,,,,15,728,476,,,,,,
232,7716,13,314,421,,,,,,,11,502,648,,,,,,,,,,,,,,,,15,730,455,,,,,,
233,7749.9,13,313,433,,,,,,,11,519,644,,,,,,,,,,,,,,,,15,730,433,,,,,,
234,7784.9,13,313,445,,,,,,,11,535,641,,,,,,,,,,,,,,,,15,730,412,,,,,,
235,7816.1,13,316,458,,,,,,,11,551,634,,,,,,,,,,,,,,,,15,727,391,,,,,,
236,7848.5,13,319,470,,,,,,,11,568,626,,,,,,,,,,,,,,,,15,724,370,,,,,,
237,7884,13,323,481,,,,,,,11,584,618,,,,,,,,,,,,,,,,15,719,349,,,,,,
238,7916.1,13,329,492,,,,,,,12,600,608,,,,,,,,,,,,,,,,15,713,329,,,,,,
239,7948.2,13,337,503,,,,,,,11,616,597,,,,,,,,,,,,,,,,15,706,309,,,,,,
240,7984.1,13,345,513,,,,,,,11,630,585,,,,,,,,,,,,,,,,15,697,290,,,,,,
241,8016.1,13,355,523,,,,,,,11,644,570,,,,,,,,,,,,,,,,15,689,272,,,,,,
242,8048.6,14,365,531,,,,,,,12,660,555,,,,,,,,,,,,,,,,15,678,254,,,,,,
243,8084.2,13,377,538,,,,,,,11,672,539,,,,,,,,,,,,,,,,15,667,238,,,,,,
244,8116.4,13,390,545,,,,,,,11,684,522,,,,,,,,,,,,,,,,15,655,222,,,,,,
245,8148.3,13,402,551,,,,,,,11,695,505,,,,,,,,,,,,,,,,15,643,208,,,,,,
246,8183.9,12,417,556,,,,,,,11,706,487,,,,,,,,,,,,,,,,15,630,194,,,,,,
247,8216.1,13,432,560,,,,,,,12,716,466,,,,,,,,,,,,,,,,15,616,182,,,,,,
248,8253.8,12,448,562,,,,,,,11,721,446,,,,,,,,,,,,,,,,15,601,171,,,,,,
249,8284.1,12,465,564,,,,,,,11,730,426,,,,,,,,,,,,,,,,15,587,161,,,,,,
250,8316.1,12,482,564,,,,,,,11,735,404,,,,,,,,,,,,,,,,15,571,153,,,,,,
251,8348.5,12,499,562,,,,,,,11,740,383,,,,,,,,,,,,,,,,15,556,146,,,,,,
252,8384.9,12,516,560,,,,,,,11,743,363,,,,,,,,,,,,,,,,15,541,140,,,,,,
253,8416.1,12,534,556,,,,,,,11,746,341,,,,,,,,,,,,,,,,15,527,136,,,,,,
254,8448.2,12,552,551,,,,,,,11,747,320,,,,,,,,,,,,,,,,15,511,132,,,,,,
255,8484,12,570,545,,,,,,,12,746,298,,,,,,,,,,,,,,,,15,497,131,,,,,,
256,8516,12,588,537,,,,,,,13,745,275,,,,,,,,,,,,,,,,15,482,131,,,,,,
257,8548.2,12,605,528,,,,,,,14,741,256,,,,,,,,,,,,,,,,15,468,131,,,,,,
258,8584.2,12,623,518,,,,,,,13,736,235,,,,,,,,,,,,,,,,15,455,133,,,,,,
259,8616.1,12,640,506,,,,,,,13,731,216,,,,,,,,,,,,,,,,15,443,136,,,,,,
260,8647.9,12,656,494,,,,,,,13,724,196,,,,,,,,,,,,,,,,15,431,141,,,,,,
261,8684.1,12,672,481,,,,,,,13,717,178,,,,,,,,,,,,,,,,15,420,146,,,,,,
262,8716.4,12,687,466,,,,,,,13,709,160,,,,,,,,,,,,,,,,15,409,152,,,,,,
263,8748.3,12,702,449,,,,,,,14,701,146,,,,,,,,,,,,,,,,15,401,160,,,,,,
264,8784.1,12,716,433,,,,,,,12,690,127,,,,,,,,,,,,,,,,15,392,168,,,,,,
265,8816.1,12,729,415,,,,,,,11,679,113,,,,,,,,,,,,,,,,15,385,177,,,,,,
266,8848.5,13,740,397,,,,,,,10,666,99,,,,,,,,,,,,,,,,15,380,187,,,,,,
267,8884,12,751,378,,,,,,,11,654,87,,,,,,,,,,,,,,,,15,375,197,,,,,,
268,8916.1,13,761,358,,,,,,,11,642,76,,,,,,,,,,,,,,,,15,371,208,,,,,,
269,8950.6,13,770,338,,,,,,,10,628,66,,,,,,,,,,,,,,,,15,369,220,,,,,,
270,8984,12,777,317,,,,,,,11,615,57,,,,,,,,,,,,,,,,14,368,232,,,,,,
271,9016.2,12,783,296,,,,,,,11,601,51,,,,,,,,,,,,,,,,15,369,244,,,,,,
272,9050.6,13,789,275,,,,,,,12,587,45,,,,,,,,,,,,,,,,15,371,256,,,,,,
273,9084,12,792,253,,,,,,,11,574,40,,,,,,,,,,,,,,,,15,374,268,,,,,,
274,9116,12,794,231,,,,,,,11,561,37,,,,,,,,,,,,,,,,15,378,280,,,,,,
275,9148.2,12,795,210,,,,,,,12,547,35,,,,,,,,,,,,,,,,15,383,292,,,,,,
276,9184.2,12,796,189,,,,,,,11,534,35,,,,,,,,,,,,,,,,15,390,304,,,,,,
277,9216,13,793,175,,,,,,,12,524,34,,,,,,,,,,,,,,,,14,396,312,,,,,,
278,9252.1,12,789,175,,,,,,,11,519,38,,,,,,,,,,,,,,,,15,393,315,,,,,,
279,9284,12,788,183,,,,,,,11,514,55,,,,,,,,,,,,,,,,15,395,331,,,,,,
280,9316.4,12,784,189,,,,,,,11,504,73,,,,,,,,,,,,,,,,15,398,355,,,,,,
281,9352.7,12,776,191,,,,,,,11,489,94,,,,,,,,,,,,,,,,15,401,380,,,,,,
282,9384,12,764,193,,,,,,,11,471,118,,,,,,,,,,,,,,,,15,405,409,,,,,,
283,9416.2,12,749,192,,,,,,,13,451,146,,,,,,,,,,,,,,,,15,410,439,,,,,,
284,9448.3,12,732,190,,,,,,,13,433,171,,,,,,,,,,,,,,,,15,419,467,,,,,,
285,9488.1,12,717,188,,,,,,,13,417,193,,,,,,,,,,,,,,,,15,428,492,,,,,,
286,9516.3,12,703,186,,,,,,,14,405,214,,,,,,,,,,,,,,,,15,437,511,,,,,,
287,9548.2,12,691,183,,,,,,,13,395,230,,,,,,,,,,,,,,,,14,447,525,,,,,,
288,9584.3,12,680,180,,,,,,,13,386,244,,,,,,,,,,,,,,,,14,455,536,,,,,,
289,9619.2,12,671,177,,,,,,,13,381,253,,,,,,,,,,,,,,,,14,462,542,,,,,,
290,9648.3,13,664,174,,,,,,,12,377,260,,,,,,,,,,,,,,,,14,469,548,,,,,,
291,9684.3,13,655,168,,,,,,,12,373,270,,,,,,,,,,,,,,,,15,480,552,,,,,,
292,9716.6,12,643,163,,,,,,,12,368,283,,,,,,,,,,,,,,,,15,491,557,,,,,,
293,9750.3,12,628,157,,,,,,,12,362,297,,,,,,,,,,,,,,,,15,505,561,,,,,,
294,9787.7,12,612,153,,,,,,,12,358,314,,,,,,,,,,,,,,,,15,519,565,,,,,,
295,9816.2,12,597,152,,,,,,,12,356,332,,,,,,,,,,,,,,,,14,536,570,,,,,,
296,9848.2,12,577,152,,,,,,,12,354,353,,,,,,,,,,,,,,,,15,554,574,,,,,,
297,9884,12,559,155,,,,,,,12,354,374,,,,,,,,,,,,,,,,14,574,576,,,,,,
298,9916.2,13,550,164,,,,,,,12,361,395,,,,,,,,,,,,,,,,15,592,581,,,,,,
299,9948.3,12,533,175,,,,,,,11,367,421,,,,,,,,,,,,,,,,15,615,586,,,,,,
300,9984.4,13,511,190,,,,,,,11,377,455,,,,,,,,,,,,,,,,15,642,588,,,,,,
301,10016.4,12,494,209,,,,,,,11,391,486,,,,,,,,,,,,,,,,15,669,588,,,,,,
302,10048.6,12,478,230,,,,,,,11,406,515,,,,,,,,,,,,,,,,15,696,586,,,,,,
303,10084.1,12,464,253,,,,,,,11,425,544,,,,,,,,,,,,,,,,15,721,582,,,,,,
304,10116.2,13,452,278,,,,,,,11,446,570,,,,,,,,,,,,,,,,15,745,576,,,,,,
305,10148.3,13,442,305,,,,,,,11,469,595,,,,,,,,,,,,,,,,15,768,568,,,,,,
306,10184.1,12,434,334,,,,,,,11,494,619,,,,,,,,,,,,,,,,15,788,557,,,,,,
307,10216.4,12,429,364,,,,,,,11,520,640,,,,,,,,,,,,,,,,14,806,545,,,,,,
308,10248.3,12,426,395,,,,,,,11,547,658,,,,,,,,,,,,,,,,15,821,532,,,,,,
309,10284.2,13,426,426,,,,,,,11,577,674,,,,,,,,,,,,,,,,15,835,518,,,,,,
310,10316.3,12,428,459,,,,,,,12,608,688,,,,,,,,,,,,,,,,15,845,503,,,,,,
311,10349,12,433,491,,,,,,,12,637,698,,,,,,,,,,,,,,,,15,852,487,,,,,,
312,10384.1,12,440,523,,,,,,,11,667,706,,,,,,,,,,,,,,,,15,857,472,,,,,,
313,10417.6,12,451,554,,,,,,,11,697,712,,,,,,,,,,,,,,,,15,859,457,,,,,,
314,10448.2,12,464,585,,,,,,,11,727,714,,,,,,,,,,,,,,,,15,858,443,,,,,,
315,10484.9,13,479,614,,,,,,,12,757,714,,,,,,,,,,,,,,,,15,855,429,,,,,,
316,10516.1,13,498,644,,,,,,,12,786,712,,,,,,,,,,,,,,,,15,849,418,,,,,,
317,10548.3,13,517,671,,,,,,,12,812,706,,,,,,,,,,,,,,,,15,842,408,,,,,,
318,10584,12,540,698,,,,,,,12,838,700,,,,,,,,,,,,,,,,15,831,400,,,,,,
319,10616.1,12,563,722,,,,,,,12,861,690,,,,,,,,,,,,,,,,15,820,394,,,,,,
320,10648.2,12,589,744,,,,,,,12,881,679,,,,,,,,,,,,,,,,15,806,391,,,,,,
321,10684.3,12,616,765,,,,,,,12,901,667,,,,,,,,,,,,,,,,15,792,389,,,,,,
322,10716.1,12,646,783,,,,,,,12,919,653,,,,,,,,,,,,,,,,14,777,391,,,,,,
323,10748.2,12,676,799,,,,,,,12,932,639,,,,,,,,,,,,,,,,15,761,394,,,,,,
324,10783.9,12,707,811,,,,,,,12,943,623,,,,,,,,,,,,,,,,14,744,401,,,,,,
325,10816.1,12,738,822,,,,,,,12,952,608,,,,,,,,,,,,,,,,14,728,410,,,,,,
326,10848.3,12,770,829,,,,,,,12,956,594,,,,,,,,,,,,,,,,15,712,422,,,,,,
327,10884.3,12,801,834,,,,,,,12,961,578,,,,,,,,,,,,,,,,15,697,436,,,,,,
328,10916.3,12,833,837,,,,,,,12,961,563,,,,,,,,,,,,,,,,15,683,453,,,,,,
329,10954.8,12,862,837,,,,,,,12,957,549,,,,,,,,,,,,,,,,15,669,471,,,,,,
330,10984.1,12,891,834,,,,,,,12,953,538,,,,,,,,,,,,,,,,15,656,493,,,,,,
331,11019.6,12,919,830,,,,,,,12,947,528,,,,,,,,,,,,,,,,15,646,516,,,,,,
332,11048.3,12,945,822,,,,,,,12,936,520,,,,,,,,,,,,,,,,15,637,541,,,,,,
333,11084.1,13,969,813,,,,,,,12,927,514,,,,,,,,,,,,,,,,15,630,567,,,,,,
334,11116.1,12,990,803,,,,,,,12,912,510,,,,,,,,,,,,,,,,15,626,595,,,,,,
335,11148.1,13,1008,792,,,,,,,12,898,510,,,,,,,,,,,,,,,,15,622,625,,,,,,
336,11184.2,12,1023,781,,,,,,,13,883,511,,,,,,,,,,,,,,,,14,621,655,,,,,,
337,11216,12,1037,768,,,,,,,11,866,516,,,,,,,,,,,,,,,,14,623,686,,,,,,
338,11248.3,12,1047,755,,,,,,,12,850,523,,,,,,,,,,,,,,,,14,627,718,,,,,,
339,11286,12,1055,742,,,,,,,11,833,533,,,,,,,,,,,,,,,,14,633,749,,,,,,
340,11316.1,12,1060,729,,,,,,,11,817,545,,,,,,,,,,,,,,,,14,642,782,,,,,,
341,11348.6,13,1063,716,,,,,,,11,800,559,,,,,,,,,,,,,,,,14,654,814,,,,,,
342,11384.3,12,1064,703,,,,,,,11,785,577,,,,,,,,,,,,,,,,15,667,844,,,,,,
343,11416.1,13,1062,692,,,,,,,11,772,595,,,,,,,,,,,,,,,,15,683,875,,,,,,
344,11448.9,13,1058,681,,,,,,,11,759,616,,,,,,,,,,,,,,,,15,701,904,,,,,,
345,11484.1,12,1047,678,,,,,,,11,745,630,,,,,,,,,,,,,,,,15,711,928,,,,,,
346,11516.1,12,1022,660,,,,,,,11,717,626,,,,,,,,,,,,,,,,15,699,928,,,,,,
347,11552.1,12,990,632,,,,,,,12,686,609,,,,,,,,,,,,,,,,16,680,915,,,,,,
348,11588.1,12,962,602,,,,,,,12,659,584,,,,,,,,,,,,,,,,15,658,888,,,,,,
349,11618,12,943,571,,,,,,,11,641,556,,,,,,,,,,,,,,,,15,639,860,,,,,,
350,11648.2,12,926,539,,,,,,,11,623,526,,,,,,,,,,,,,,,,15,623,830,,,,,,
351,11685,12,906,505,,,,,,,12,603,495,,,,,,,,,,,,,,,,15,608,798,,,,,,
352,11716.2,12,885,473,,,,,,,11,584,469,,,,,,,,,,,,,,,,15,592,771,,,,,,
353,11748.2,12,860,439,,,,,,,11,558,446,,,,,,,,,,,,,,,,15,576,747,,,,,,
354,11783.9,13,834,408,,,,,,,12,534,428,,,,,,,,,,,,,,,,15,563,728,,,,,,
355,11816.3,13,813,386,,,,,,,11,515,419,,,,,,,,,,,,,,,,14,556,716,,,,,,
356,11848.4,13,792,367,,,,,,,11,496,413,,,,,,,,,,,,,,,,14,551,708,,,,,,
357,11884.3,13,773,350,,,,,,,11,480,412,,,,,,,,,,,,,,,,15,549,703,,,,,,
358,11916,13,751,334,,,,,,,11,464,414,,,,,,,,,,,,,,,,14,550,700,,,,,,
359,11952.2,12,731,322,,,,,,,11,449,420,,,,,,,,,,,,,,,,14,552,700,,,,,,
360,11984,13,711,313,,,,,,,11,438,429,,,,,,,,,,,,,,,,14,559,701,,,,,,
361,12016.4,13,690,305,,,,,,,11,426,443,,,,,,,,,,,,,,,,15,567,704,,,,,,
362,12048.2,13,673,301,,,,,,,11,418,456,,,,,,,,,,,,,,,,14,577,707,,,,,,
363,12084,12,653,296,,,,,,,11,412,470,,,,,,,,,,,,,,,,15,588,710,,,,,,
364,12116,13,631,293,,,,,,,11,406,485,,,,,,,,,,,,,,,,15,601,710,,,,,,
365,12148.2,12,606,288,,,,,,,11,399,501,,,,,,,,,,,,,,,,15,614,708,,,,,,
366,12184.3,13,580,285,,,,,,,11,395,517,,,,,,,,,,,,,,,,15,628,702,,,,,,
367,12216.2,13,557,284,,,,,,,11,396,532,,,,,,,,,,,,,,,,15,646,694,,,,,,
368,12248.3,13,536,284,,,,,,,12,399,547,,,,,,,,,,,,,,,,15,664,684,,,,,,
369,12284.1,13,517,286,,,,,,,11,405,560,,,,,,,,,,,,,,,,15,681,673,,,,,,
370,12316.6,13,498,290,,,,,,,11,412,573,,,,,,,,,,,,,,,,15,698,659,,,,,,
371,12348.2,13,480,295,,,,,,,11,421,585,,,,,,,,,,,,,,,,15,714,644,,,,,,
372,12384.1,13,464,302,,,,,,,12,432,596,,,,,,,,,,,,,,,,15,730,628,,,,,,
373,12416.1,13,449,311,,,,,,,11,444,606,,,,,,,,,,,,,,,,15,744,610,,,,,,
374,12449.6,13,434,320,,,,,,,11,457,614,,,,,,,,,,,,,,,,15,757,591,,,,,,
375,12484.2,13,422,331,,,,,,,11,472,622,,,,,,,,,,,,,,,,15,768,570,,,,,,
376,12517.4,13,411,343,,,,,,,11,488,627,,,,,,,,,,,,,,,,15,777,548,,,,,,
377,12548.3,13,403,356,,,,,,,12,505,631,,,,,,,,,,,,,,,,15,787,525,,,,,,
378,12584.4,13,395,369,,,,,,,11,523,634,,,,,,,,,,,,,,,,15,792,501,,,,,,
379,12616.2,13,390,383,,,,,,,11,542,635,,,,,,,,,,,,,,,,15,797,477,,,,,,
380,12648.2,13,387,398,,,,,,,11,561,634,,,,,,,,,,,,,,,,16,801,452,,,,,,
381,12684.2,13,385,412,,,,,,,11,581,631,,,,,,,,,,,,,,,,15,803,427,,,,,,
382,12716.2,13,386,427,,,,,,,11,601,626,,,,,,,,,,,,,,,,15,803,402,,,,,,
383,12748.3,13,388,441,,,,,,,11,620,620,,,,,,,,,,,,,,,,15,802,377,,,,,,
384,12784.1,13,392,455,,,,,,,11,641,611,,,,,,,,,,,,,,,,15,798,352,,,,,,
385,12816.2,13,398,469,,,,,,,12,662,601,,,,,,,,,,,,,,,,16,792,328,,,,,,
386,12848.1,13,406,481,,,,,,,11,678,587,,,,,,,,,,,,,,,,16,785,304,,,,,,
387,12885.9,13,415,493,,,,,,,11,697,575,,,,,,,,,,,,,,,,16,776,281,,,,,,
388,12916.4,13,426,505,,,,,,,12,716,560,,,,,,,,,,,,,,,,15,767,260,,,,,,
389,12948.1,13,438,515,,,,,,,11,733,542,,,,,,,,,,,,,,,,15,755,239,,,,,,
390,12984.3,13,452,524,,,,,,,11,747,524,,,,,,,,,,,,,,,,15,742,219,,,,,,
391,13017.7,13,467,532,,,,,,,11,762,504,,,,,,,,,,,,,,,,15,728,202,,,,,,
392,13048.4,12,483,539,,,,,,,11,776,482,,,,,,,,,,,,,,,,15,713,186,,,,,,
393,13084.1,12,500,544,,,,,,,12,788,461,,,,,,,,,,,,,,,,15,697,171,,,,,,
394,13116,12,519,548,,,,,,,11,798,438,,,,,,,,,,,,,,,,15,680,158,,,,,,
395,13149.2,12,538,549,,,,,,,11,806,412,,,,,,,,,,,,,,,,15,663,146,,,,,,
396,13184.1,12,558,549,,,,,,,11,812,388,,,,,,,,,,,,,,,,15,646,136,,,,,,
397,13216.1,12,579,548,,,,,,,11,818,362,,,,,,,,,,,,,,,,15,628,129,,,,,,
398,13248.8,12,599,544,,,,,,,11,821,338,,,,,,,,,,,,,,,,15,610,123,,,,,,
399,13284.2,12,621,540,,,,,,,11,823,312,,,,,,,,,,,,,,,,15,593,119,,,,,,
400,13316.2,12,642,532,,,,,,,10,822,286,,,,,,,,,,,,,,,,15,576,117,,,,,,
401,13348.1,12,663,524,,,,,,,13,820,261,,,,,,,,,,,,,,,,15,559,116,,,,,,
402,13383.8,12,683,514,,,,,,,13,816,237,,,,,,,,,,,,,,,,15,542,117,,,,,,
403,13416.2,12,704,501,,,,,,,13,811,213,,,,,,,,,,,,,,,,15,527,121,,,,,,
404,13448.3,12,723,487,,,,,,,13,804,191,,,,,,,,,,,,,,,,15,512,125,,,,,,
405,13484.1,12,742,472,,,,,,,13,795,169,,,,,,,,,,,,,,,,15,498,132,,,,,,
406,13516.1,13,761,455,,,,,,,14,786,149,,,,,,,,,,,,,,,,15,486,139,,,,,,
407,13548.4,12,777,436,,,,,,,11,775,129,,,,,,,,,,,,,,,,15,475,148,,,,,,
408,13584,13,794,416,,,,,,,10,761,110,,,,,,,,,,,,,,,,15,465,158,,,,,,
409,13616.2,12,808,395,,,,,,,11,748,93,,,,,,,,,,,,,,,,15,457,170,,,,,,
410,13648.4,13,821,373,,,,,,,10,733,79,,,,,,,,,,,,,,,,14,450,182,,,,,,
411,13684.1,12,833,350,,,,,,,12,719,65,,,,,,,,,,,,,,,,15,445,195,,,,,,
412,13716.4,13,843,326,,,,,,,11,703,55,,,,,,,,,,,,,,,,14,442,208,,,,,,
413,13748.1,13,852,302,,,,,,,11,687,44,,,,,,,,,,,,,,,,14,441,222,,,,,,
414,13784.1,13,858,277,,,,,,,11,671,37,,,,,,,,,,,,,,,,15,441,237,,,,,,
415,13816.4,12,863,252,,,,,,,10,653,31,,,,,,,,,,,,,,,,15,443,251,,,,,,
416,13848.1,12,866,227,,,,,,,11,636,27,,,,,,,,,,,,,,,,15,447,266,,,,,,
417,13884,12,867,203,,,,,,,11,620,24,,,,,,,,,,,,,,,,14,453,280,,,,,,
418,13916.1,12,867,178,,,,,,,10,605,25,,,,,,,,,,,,,,,,15,460,294,,,,,,
419,13948.3,12,864,155,,,,,,,11,589,26,,,,,,,,,,,,,,,,15,469,308,,,,,,
420,13984.2,13,861,131,,,,,,,11,575,29,,,,,,,,,,,,,,,,15,480,320,,,,,,
421,14016.2,12,856,109,,,,,,,11,561,34,,,,,,,,,,,,,,,,15,492,332,,,,,,
422,14048.5,12,848,90,,,,,,,12,549,39,,,,,,,,,,,,,,,,15,506,343,,,,,,
423,14084.1,12,840,81,,,,,,,11,538,43,,,,,,,,,,,,,,,,14,510,349,,,,,,
424,14116.1,12,830,84,,,,,,,12,529,47,,,,,,,,,,,,,,,,15,502,352,,,,,,
425,14148.2,12,822,89,,,,,,,11,519,59,,,,,,,,,,,,,,,,15,499,364,,,,,,
426,14184,12,810,94,,,,,,,12,507,79,,,,,,,,,,,,,,,,15,498,381,,,,,,
427,14216.2,12,794,98,,,,,,,11,490,101,,,,,,,,,,,,,,,,15,500,402,,,,,,
428,14254.1,12,771,100,,,,,,,11,469,130,,,,,,,,,,,,,,,,15,505,428,,,,,,
429,14284,12,746,101,,,,,,,13,450,156,,,,,,,,,,,,,,,,15,509,451,,,,,,
430,14321.7,13,725,104,,,,,,,13,434,180,,,,,,,,,,,,,,,,15,512,469,,,,,,
431,14348.1,12,703,107,,,,,,,13,420,205,,,,,,,,,,,,,,,,15,519,486,,,,,,
432,14385.4,13,684,111,,,,,,,13,408,229,,,,,,,,,,,,,,,,15,528,502,,,,,,
433,14416,13,666,115,,,,,,,13,399,252,,,,,,,,,,,,,,,,15,538,517,,,,,,
434,14448.3,13,650,119,,,,,,,12,393,277,,,,,,,,,,,,,,,,15,552,530,,,,,,
435,14484.3,13,631,124,,,,,,,12,389,303,,,,,,,,,,,,,,,,15,567,542,,,,,,
436,14516.3,12,609,130,,,,,,,12,385,329,,,,,,,,,,,,,,,,15,584,550,,,,,,
437,14548.3,12,585,136,,,,,,,12,382,355,,,,,,,,,,,,,,,,15,602,557,,,,,,
438,14584,12,561,144,,,,,,,12,383,385,,,,,,,,,,,,,,,,15,623,561,,,,,,
439,14616.4,12,538,155,,,,,,,11,388,413,,,,,,,,,,,,,,,,15,645,562,,,,,,
440,14648.3,13,517,168,,,,,,,12,396,441,,,,,,,,,,,,,,,,15,668,560,,,,,,
441,14684,13,500,184,,,,,,,11,407,466,,,,,,,,,,,,,,,,15,691,557,,,,,,
442,14716.1,13,487,200,,,,,,,11,421,490,,,,,,,,,,,,,,,,15,713,553,,,,,,
443,14748.6,13,480,218,,,,,,,11,438,511,,,,,,,,,,,,,,,,15,735,550,,,,,,
444,14784,13,476,235,,,,,,,12,456,531,,,,,,,,,,,,,,,,15,755,547,,,,,,
445,14816,13,471,254,,,,,,,11,475,549,,,,,,,,,,,,,,,,15,776,542,,,,,,
446,14848.1,13,461,277,,,,,,,11,493,568,,,,,,,,,,,,,,,,14,792,535,,,,,,
447,14884.3,13,449,301,,,,,,,11,510,589,,,,,,,,,,,,,,,,14,804,526,,,,,,
448,14917.2,12,437,327,,,,,,,11,526,607,,,,,,,,,,,,,,,,14,813,514,,,,,,
449,14948.2,13,427,354,,,,,,,11,544,622,,,,,,,,,,,,,,,,15,820,502,,,,,,
450,14984.1,13,419,382,,,,,,,10,563,635,,,,,,,,,,,,,,,,15,826,488,,,,,,
451,15016.1,13,414,410,,,,,,,11,582,648,,,,,,,,,,,,,,,,15,828,473,,,,,,
452,15048.3,13,411,437,,,,,,,11,603,657,,,,,,,,,,,,,,,,15,829,458,,,,,,
453,15084,12,410,465,,,,,,,12,624,663,,,,,,,,,,,,,,,,15,828,443,,,,,,
454,15116.5,12,411,493,,,,,,,12,644,670,,,,,,,,,,,,,,,,15,824,428,,,,,,
455,15149.5,12,414,521,,,,,,,12,664,673,,,,,,,,,,,,,,,,15,819,414,,,,,,
456,15184.4,13,420,547,,,,,,,13,686,673,,,,,,,,,,,,,,,,15,811,400,,,,,,
457,15217.1,13,427,573,,,,,,,12,704,670,,,,,,,,,,,,,,,,15,801,388,,,,,,
458,15248.3,13,437,599,,,,,,,12,723,668,,,,,,,,,,,,,,,,15,789,376,,,,,,
459,15284.6,12,448,622,,,,,,,11,741,663,,,,,,,,,,,,,,,,15,775,366,,,,,,
460,15316.3,13,461,645,,,,,,,12,758,656,,,,,,,,,,,,,,,,15,760,357,,,,,,
461,15348.4,13,475,665,,,,,,,12,771,647,,,,,,,,,,,,,,,,15,743,349,,,,,,
462,15384.4,12,491,685,,,,,,,11,785,637,,,,,,,,,,,,,,,,15,725,344,,,,,,
463,15416,12,509,704,,,,,,,12,796,625,,,,,,,,,,,,,,,,15,706,341,,,,,,
464,15453.4,12,528,721,,,,,,,12,806,611,,,,,,,,,,,,,,,,15,687,339,,,,,,
465,15484.3,12,548,735,,,,,,,13,813,597,,,,,,,,,,,,,,,,14,666,340,,,,,,
466,15516.3,12,568,746,,,,,,,12,818,584,,,,,,,,,,,,,,,,15,645,342,,,,,,
467,15552.1,12,589,757,,,,,,,11,821,569,,,,,,,,,,,,,,,,15,624,347,,,,,,
468,15584,12,611,765,,,,,,,12,821,554,,,,,,,,,,,,,,,,14,603,354,,,,,,
469,15620.1,12,632,771,,,,,,,12,821,539,,,,,,,,,,,,,,,,15,582,364,,,,,,
470,15658.2,12,653,775,,,,,,,11,818,525,,,,,,,,,,,,,,,,15,563,374,,,,,,
471,15684.4,12,674,776,,,,,,,11,812,510,,,,,,,,,,,,,,,,15,543,387,,,,,,
472,15716,12,695,776,,,,,,,11,804,497,,,,,,,,,,,,,,,,15,524,403,,,,,,
473,15748.3,12,715,773,,,,,,,11,796,485,,,,,,,,,,,,,,,,15,507,420,,,,,,
474,15784.2,12,734,769,,,,,,,11,783,473,,,,,,,,,,,,,,,,15,490,438,,,,,,
475,15816.1,12,752,763,,,,,,,11,770,464,,,,,,,,,,,,,,,,15,476,458,,,,,,
476,15848.1,12,768,755,,,,,,,11,757,455,,,,,,,,,,,,,,,,15,462,480,,,,,,
477,15884.2,12,784,746,,,,,,,11,740,449,,,,,,,,,,,,,,,,15,450,503,,,,,,
478,15919.2,12,797,736,,,,,,,11,721,444,,,,,,,,,,,,,,,,15,440,526,,,,,,
479,15948.4,12,808,723,,,,,,,11,705,441,,,,,,,,,,,,,,,,15,432,551,,,,,,
480,15984.2,12,818,710,,,,,,,11,686,440,,,,,,,,,,,,,,,,14,426,577,,,,,,
481,16016.2,12,826,697,,,,,,,11,667,442,,,,,,,,,,,,,,,,15,422,604,,,,,,
482,16048.4,12,830,683,,,,,,,11,647,444,,,,,,,,,,,,,,,,15,420,631,,,,,,
483,16084.1,13,835,668,,,,,,,11,626,451,,,,,,,,,,,,,,,,14,420,658,,,,,,
484,16116.1,13,836,654,,,,,,,11,607,459,,,,,,,,,,,,,,,,14,421,685,,,,,,
485,16148.6,13,835,640,,,,,,,11,588,468,,,,,,,,,,,,,,,,14,426,712,,,,,,
486,16184,13,833,626,,,,,,,11,569,480,,,,,,,,,,,,,,,,14,432,738,,,,,,
487,16216.7,13,827,613,,,,,,,11,551,494,,,,,,,,,,,,,,,,14,441,764,,,,,,
488,16250.3,12,820,600,,,,,,,11,534,509,,,,,,,,,,,,,,,,14,451,789,,,,,,
489,16284.3,13,812,589,,,,,,,11,519,526,,,,,,,,,,,,,,,,14,463,814,,,,,,
490,16316.5,13,801,578,,,,,,,11,504,545,,,,,,,,,,,,,,,,14,477,838,,,,,,
491,16348.3,13,789,570,,,,,,,11,491,565,,,,,,,,,,,,,,,,15,493,860,,,,,,
492,16384.6,12,775,563,,,,,,,11,478,588,,,,,,,,,,,,,,,,15,510,881,,,,,,
493,16416.1,12,752,562,,,,,,,11,460,609,,,,,,,,,,,,,,,,14,517,902,,,,,,
494,16448.4,12,719,552,,,,,,,11,435,632,,,,,,,,,,,,,,,,15,521,918,,,,,,
495,16485.4,12,686,538,,,,,,,12,413,649,,,,,,,,,,,,,,,,15,530,927,,,,,,
496,16516.5,12,658,523,,,,,,,12,398,661,,,,,,,,,,,,,,,,15,541,927,,,,,,
497,16548.4,12,633,506,,,,,,,11,387,667,,,,,,,,,,,,,,,,15,553,920,,,,,,
498,16584.2,13,613,487,,,,,,,12,377,666,,,,,,,,,,,,,,,,15,562,908,,,,,,
499,16616.7,12,596,469,,,,,,,12,371,662,,,,,,,,,,,,,,,,15,570,891,,,,,,
500,16648.4,12,586,450,,,,,,,12,367,652,,,,,,,,,,,,,,,,15,574,873,,,,,,
501,16684.4,13,580,434,,,,,,,12,364,640,,,,,,,,,,,,,,,,15,574,856,,,,,,
502,16716.4,13,576,419,,,,,,,11,361,625,,,,,,,,,,,,,,,,15,572,840,,,,,,
503,16748.1,12,571,403,,,,,,,12,358,611,,,,,,,,,,,,,,,,15,571,824,,,,,,
504,16784.1,13,564,388,,,,,,,11,354,598,,,,,,,,,,,,,,,,15,570,809,,,,,,
505,16816.2,13,559,373,,,,,,,12,349,586,,,,,,,,,,,,,,,,15,568,794,,,,,,
506,16848.3,13,553,359,,,,,,,11,348,575,,,,,,,,,,,,,,,,14,568,780,,,,,,
507,16884.2,13,546,345,,,,,,,12,344,565,,,,,,,,,,,,,,,,14,570,765,,,,,,
508,16916.1,13,542,333,,,,,,,12,343,555,,,,,,,,,,,,,,,,15,570,753,,,,,,
509,16948.2,13,536,322,,,,,,,12,340,547,,,,,,,,,,,,,,,,14,570,741,,,,,,
510,16984,13,531,313,,,,,,,12,340,541,,,,,,,,,,,,,,,,14,572,731,,,,,,
511,17016.2,13,523,305,,,,,,,12,339,538,,,,,,,,,,,,,,,,15,576,721,,,,,,
512,17048.5,13,516,299,,,,,,,11,337,537,,,,,,,,,,,,,,,,14,580,713,,,,,,
513,17084.2,13,508,299,,,,,,,12,336,541,,,,,,,,,,,,,,,,14,582,709,,,,,,
514,17116.2,13,496,302,,,,,,,11,337,552,,,,,,,,,,,,,,,,14,591,709,,,,,,
515,17148.5,13,483,310,,,,,,,11,341,568,,,,,,,,,,,,,,,,15,605,708,,,,,,
516,17184.1,13,469,319,,,,,,,11,349,588,,,,,,,,,,,,,,,,15,622,707,,,,,,
517,17216.1,12,455,331,,,,,,,11,360,609,,,,,,,,,,,,,,,,15,643,703,,,,,,
518,17248.1,12,440,344,,,,,,,11,374,629,,,,,,,,,,,,,,,,15,665,695,,,,,,
519,17284,13,425,358,,,,,,,11,392,649,,,,,,,,,,,,,,,,15,689,682,,,,,,
520,17316.1,12,413,374,,,,,,,11,413,667,,,,,,,,,,,,,,,,15,712,666,,,,,,
521,17348.3,13,404,390,,,,,,,11,435,681,,,,,,,,,,,,,,,,15,733,648,,,,,,
522,17384.3,13,398,406,,,,,,,11,459,693,,,,,,,,,,,,,,,,15,751,628,,,,,,
523,17416,13,396,422,,,,,,,11,484,701,,,,,,,,,,,,,,,,15,770,607,,,,,,
524,17448.2,13,398,436,,,,,,,12,511,707,,,,,,,,,,,,,,,,15,786,588,,,,,,
525,17484.9,13,406,443,,,,,,,11,532,707,,,,,,,,,,,,,,,,14,802,575,,,,,,
526,17516.3,12,418,446,,,,,,,12,552,708,,,,,,,,,,,,,,,,14,819,567,,,,,,
527,17548.3,13,432,447,,,,,,,11,573,705,,,,,,,,,,,,,,,,15,836,558,,,,,,
528,17584.3,13,446,446,,,,,,,11,594,701,,,,,,,,,,,,,,,,15,854,546,,,,,,
529,17616.5,13,460,447,,,,,,,11,616,695,,,,,,,,,,,,,,,,14,871,530,,,,,,
530,17648.3,12,470,452,,,,,,,11,642,689,,,,,,,,,,,,,,,,15,887,508,,,,,,
531,17684.1,12,478,469,,,,,,,11,673,687,,,,,,,,,,,,,,,,15,898,482,,,,,,
532,17716.3,12,484,499,,,,,,,11,706,689,,,,,,,,,,,,,,,,15,902,457,,,,,,
533,17748.3,12,492,540,,,,,,,11,738,697,,,,,,,,,,,,,,,,15,901,443,,,,,,
534,17784,12,504,582,,,,,,,12,770,706,,,,,,,,,,,,,,,,15,897,433,,,,,,
535,17816.5,12,518,621,,,,,,,12,800,712,,,,,,,,,,,,,,,,15,889,425,,,,,,
536,17848.7,13,536,657,,,,,,,13,828,713,,,,,,,,,,,,,,,,15,878,418,,,,,,
537,17884.3,13,556,693,,,,,,,13,854,712,,,,,,,,,,,,,,,,15,866,414,,,,,,
538,17916.7,12,579,726,,,,,,,13,877,708,,,,,,,,,,,,,,,,15,850,412,,,,,,
539,17948.2,12,605,758,,,,,,,12,900,702,,,,,,,,,,,,,,,,15,832,412,,,,,,
540,17984.1,12,632,787,,,,,,,12,918,694,,,,,,,,,,,,,,,,15,813,415,,,,,,
541,18016.5,12,661,812,,,,,,,12,933,685,,,,,,,,,,,,,,,,15,792,422,,,,,,
542,18048.4,12,691,835,,,,,,,12,945,674,,,,,,,,,,,,,,,,15,771,432,,,,,,
543,18084.6,12,722,855,,,,,,,13,953,663,,,,,,,,,,,,,,,,15,749,445,,,,,,
544,18116.3,12,754,871,,,,,,,13,959,653,,,,,,,,,,,,,,,,15,727,462,,,,,,
545,18148.3,12,785,884,,,,,,,8,953,638,,,,,,,,,,,,,,,,14,705,481,,,,,,
546,18184.1,12,816,894,,,,,,,13,960,628,,,,,,,,,,,,,,,,14,685,503,,,,,,
547,18216.3,12,846,900,,,,,,,12,953,619,,,,,,,,,,,,,,,,14,666,528,,,,,,
548,18248.7,12,875,904,,,,,,,11,944,610,,,,,,,,,,,,,,,,15,648,556,,,,,,
549,18284.1,12,902,904,,,,,,,12,934,605,,,,,,,,,,,,,,,,15,633,587,,,,,,
550,18316.1,12,929,903,,,,,,,12,920,600,,,,,,,,,,,,,,,,15,621,620,,,,,,
551,18348.6,12,952,898,,,,,,,12,903,598,,,,,,,,,,,,,,,,15,611,655,,,,,,
552,18384.2,12,972,890,,,,,,,12,885,600,,,,,,,,,,,,,,,,14,602,691,,,,,,
553,18416.2,13,989,882,,,,,,,12,865,605,,,,,,,,,,,,,,,,14,597,729,,,,,,
554,18448.4,13,1003,872,,,,,,,11,845,612,,,,,,,,,,,,,,,,14,595,769,,,,,,
555,18484,13,1015,861,,,,,,,12,824,624,,,,,,,,,,,,,,,,14,597,809,,,,,,
556,18516.8,12,1022,850,,,,,,,11,803,638,,,,,,,,,,,,,,,,14,601,849,,,,,,
557,18551.9,12,1026,839,,,,,,,11,782,655,,,,,,,,,,,,,,,,14,609,891,,,,,,
558,18584.5,12,1026,828,,,,,,,11,762,675,,,,,,,,,,,,,,,,15,620,931,,,,,,
559,18616.6,12,1024,818,,,,,,,11,742,699,,,,,,,,,,,,,,,,14,633,971,,,,,,
560,18652.1,13,1019,810,,,,,,,11,725,725,,,,,,,,,,,,,,,,14,650,1010,,,,,,
561,18684.7,13,1010,803,,,,,,,11,709,755,,,,,,,,,,,,,,,,9,669,1038,,,,,,
562,18716.5,13,1000,798,,,,,,,11,695,786,,,,,,,,,,,,,,,,,,,,,,,,
563,18748.3,13,978,796,,,,,,,12,676,807,,,,,,,,,,,,,,,,,,,,,,,,
564,18784.1,12,943,781,,,,,,,12,645,814,,,,,,,,,,,,,,,,,,,,,,,,
565,18820.2,13,912,757,,,,,,,12,616,809,,,,,,,,,,,,,,,,,,,,,,,,
566,18849,13,886,728,,,,,,,12,594,792,,,,,,,,,,,,,,,,,,,,,,,,
567,18884.1,12,871,697,,,,,,,12,579,763,,,,,,,,,,,,,,,,,,,,,,,,
568,18916.3,13,858,663,,,,,,,11,565,727,,,,,,,,,,,,,,,,16,643,1029,,,,,,
569,18948.2,12,837,622,,,,,,,12,546,691,,,,,,,,,,,,,,,,15,627,990,,,,,,
570,18984.3,12,813,580,,,,,,,12,527,660,,,,,,,,,,,,,,,,15,616,956,,,,,,
571,19016.1,12,786,539,,,,,,,12,504,633,,,,,,,,,,,,,,,,15,607,923,,,,,,
572,19048.3,12,757,502,,,,,,,11,480,609,,,,,,,,,,,,,,,,15,596,892,,,,,,
573,19084.1,12,728,468,,,,,,,11,457,587,,,,,,,,,,,,,,,,15,583,864,,,,,,
574,19116.1,12,705,435,,,,,,,11,437,562,,,,,,,,,,,,,,,,15,571,835,,,,,,
575,19148.2,12,691,405,,,,,,,11,425,539,,,,,,,,,,,,,,,,15,563,808,,,,,,
576,19184.1,13,680,375,,,,,,,11,417,515,,,,,,,,,,,,,,,,15,561,781,,,,,,
577,19216.9,13,672,349,,,,,,,11,410,493,,,,,,,,,,,,,,,,15,560,756,,,,,,
578,19248.2,12,664,327,,,,,,,11,406,476,,,,,,,,,,,,,,,,15,559,735,,,,,,
579,19284.1,13,653,309,,,,,,,11,400,466,,,,,,,,,,,,,,,,15,561,720,,,,,,
580,19316.2,13,638,295,,,,,,,11,392,464,,,,,,,,,,,,,,,,15,564,709,,,,,,
581,19348.4,13,620,283,,,,,,,11,384,465,,,,,,,,,,,,,,,,14,570,701,,,,,,
582,19384,13,602,273,,,,,,,11,378,470,,,,,,,,,,,,,,,,14,577,693,,,,,,
583,19416.3,13,585,265,,,,,,,11,375,476,,,,,,,,,,,,,,,,15,587,687,,,,,,
584,19448.6,13,568,259,,,,,,,12,374,485,,,,,,,,,,,,,,,,15,600,679,,,,,,
585,19484.1,13,551,255,,,,,,,12,374,495,,,,,,,,,,,,,,,,15,615,671,,,,,,
586,19516.2,13,534,251,,,,,,,11,378,505,,,,,,,,,,,,,,,,15,632,661,,,,,,
587,19548.7,13,517,249,,,,,,,12,382,515,,,,,,,,,,,,,,,,15,649,650,,,,,,
588,19584.2,13,501,249,,,,,,,12,389,525,,,,,,,,,,,,,,,,15,666,638,,,,,,
589,19616.1,13,486,250,,,,,,,12,396,533,,,,,,,,,,,,,,,,15,682,623,,,,,,
590,19648.3,13,472,252,,,,,,,11,406,542,,,,,,,,,,,,,,,,15,697,607,,,,,,
591,19684.2,13,458,255,,,,,,,11,416,550,,,,,,,,,,,,,,,,15,713,591,,,,,,
592,19720.1,13,445,260,,,,,,,11,428,557,,,,,,,,,,,,,,,,15,727,573,,,,,,
593,19753.5,13,434,264,,,,,,,11,441,562,,,,,,,,,,,,,,,,15,740,555,,,,,,
594,19788.1,13,423,271,,,,,,,11,455,567,,,,,,,,,,,,,,,,15,753,535,,,,,,
595,19816.3,13,415,279,,,,,,,11,469,571,,,,,,,,,,,,,,,,15,764,513,,,,,,
596,19848.3,13,407,288,,,,,,,11,486,573,,,,,,,,,,,,,,,,15,775,491,,,,,,
597,19884.1,13,401,296,,,,,,,11,502,575,,,,,,,,,,,,,,,,15,784,469,,,,,,
598,19916.3,13,396,305,,,,,,,11,519,574,,,,,,,,,,,,,,,,15,792,445,,,,,,
599,19948.2,13,392,316,,,,,,,11,538,573,,,,,,,,,,,,,,,,15,799,422,,,,,,
600,19984.1,13,391,326,,,,,,,11,556,571,,,,,,,,,,,,,,,,15,805,397,,,,,,
601,20016.2,13,390,336,,,,,,,11,575,566,,,,,,,,,,,,,,,,16,808,372,,,,,,
602,20049,13,391,347,,,,,,,11,594,561,,,,,,,,,,,,,,,,16,811,347,,,,,,
603,20084.2,13,394,357,,,,,,,11,614,554,,,,,,,,,,,,,,,,16,813,322,,,,,,
604,20116.3,13,397,368,,,,,,,11,633,545,,,,,,,,,,,,,,,,16,812,298,,,,,,
605,20148.2,13,404,378,,,,,,,11,653,535,,,,,,,,,,,,,,,,16,811,274,,,,,,
606,20188.9,13,411,387,,,,,,,11,672,524,,,,,,,,,,,,,,,,15,809,249,,,,,,
607,20220.2,13,419,397,,,,,,,12,692,511,,,,,,,,,,,,,,,,15,805,226,,,,,,
608,20250.3,13,429,406,,,,,,,11,710,497,,,,,,,,,,,,,,,,15,800,203,,,,,,
609,20284.2,14,441,414,,,,,,,11,727,480,,,,,,,,,,,,,,,,15,793,181,,,,,,
610,20316.5,13,453,421,,,,,,,11,745,463,,,,,,,,,,,,,,,,15,785,159,,,,,,
611,20348.4,14,466,428,,,,,,,11,763,445,,,,,,,,,,,,,,,,15,777,139,,,,,,
612,20385,13,480,433,,,,,,,10,777,426,,,,,,,,,,,,,,,,15,768,120,,,,,,
613,20416.2,13,495,439,,,,,,,12,792,407,,,,,,,,,,,,,,,,15,757,102,,,,,,
614,20450.8,13,512,442,,,,,,,10,806,384,,,,,,,,,,,,,,,,15,746,85,,,,,,
615,20484.3,12,530,444,,,,,,,11,817,362,,,,,,,,,,,,,,,,15,734,69,,,,,,
616,20518,13,548,446,,,,,,,10,830,339,,,,,,,,,,,,,,,,15,722,55,,,,,,
617,20553.5,12,567,445,,,,,,,11,842,315,,,,,,,,,,,,,,,,15,709,42,,,,,,
618,20584.1,12,586,444,,,,,,,11,850,293,,,,,,,,,,,,,,,,15,695,30,,,,,,
619,20616.4,12,606,441,,,,,,,12,858,265,,,,,,,,,,,,,,,,15,682,20,,,,,,
620,20648.4,12,627,437,,,,,,,13,864,242,,,,,,,,,,,,,,,,15,669,11,,,,,,
621,20684.1,13,647,432,,,,,,,13,869,217,,,,,,,,,,,,,,,,14,656,5,,,,,,
622,20716.2,13,668,424,,,,,,,13,872,193,,,,,,,,,,,,,,,,13,642,2,,,,,,
623,20748.5,13,690,416,,,,,,,13,875,168,,,,,,,,,,,,,,,,12,629,1,,,,,,
624,20784.2,12,711,406,,,,,,,12,875,145,,,,,,,,,,,,,,,,10,616,0,,,,,,
625,20816.2,13,732,395,,,,,,,10,875,119,,,,,,,,,,,,,,,,8,604,1,,,,,,
626,20848.1,13,752,382,,,,,,,11,874,97,,,,,,,,,,,,,,,,9,592,0,,,,,,
627,20884,13,772,368,,,,,,,11,871,73,,,,,,,,,,,,,,,,10,582,0,,,,,,
628,20916.5,13,792,352,,,,,,,,,,,,,,,,,,,,,,,,,11,571,1,,,,,,
629,20952.1,13,812,336,,,,,,,,,,,,,,,,,,,,,,,,,13,561,1,,,,,,
630,20984.1,13,830,318,,,,,,,10,853,9,,,,,,,,,,,,,,,,14,553,2,,,,,,
631,21016.1,13,847,300,,,,,,,,,,,,,,,,,,,,,,,,,15,545,5,,,,,,
632,21048.4,14,865,280,,,,,,,,,,,,,,,,,,,,,,,,,16,539,11,,,,,,
633,21084.8,13,880,258,,,,,,,,,,,,,,,,,,,,,,,,,15,533,19,,,,,,
634,21116.4,13,895,237,,,,,,,,,,,,,,,,,,,,,,,,,15,530,27,,,,,,
635,21156.1,13,907,215,,,,,,,,,,,,,,,,,,,,,,,,,15,526,33,,,,,,
636,21192.1,12,902,210,,,,,,,,,,,,,,,,,,,,,,,,,15,520,32,,,,,,
637,21224.1,12,901,209,,,,,,,,,,,,,,,,,,,,,,,,,15,512,50,,,,,,
638,21250.5,12,897,212,,,,,,,,,,,,,,,,,,,,,,,,,15,498,80,,,,,,
639,21284.5,12,892,208,,,,,,,,,,,,,,,,,,,,,,,,,15,480,120,,,,,,
640,21316.2,12,881,197,,,,,,,,,,,,,,,,,,,,,,,,,15,461,170,,,,,,
641,21348.3,12,865,186,,,,,,,,,,,,,,,,,,,,,,,,,14,446,223,,,,,,
642,21384.2,12,843,171,,,,,,,10,581,14,,,,,,,,,,,,,,,,15,436,273,,,,,,
643,21419.9,12,818,156,,,,,,,10,536,39,,,,,,,,,,,,,,,,15,431,316,,,,,,
644,21451.6,12,791,142,,,,,,,11,497,63,,,,,,,,,,,,,,,,16,428,353,,,,,,
645,21484.4,12,764,132,,,,,,,11,463,85,,,,,,,,,,,,,,,,15,426,383,,,,,,
646,21523.4,13,738,124,,,,,,,11,435,108,,,,,,,,,,,,,,,,15,428,409,,,,,,
647,21560.1,13,713,117,,,,,,,12,411,134,,,,,,,,,,,,,,,,15,435,433,,,,,,
648,21585.1,13,691,113,,,,,,,13,393,157,,,,,,,,,,,,,,,,15,442,453,,,,,,
649,21616.5,12,673,113,,,,,,,14,379,180,,,,,,,,,,,,,,,,15,450,471,,,,,,
650,21648.4,12,657,115,,,,,,,13,370,201,,,,,,,,,,,,,,,,15,460,487,,,,,,
651,21684.2,13,643,118,,,,,,,13,360,220,,,,,,,,,,,,,,,,14,467,502,,,,,,
652,21716.5,13,628,120,,,,,,,14,352,237,,,,,,,,,,,,,,,,14,473,512,,,,,,
653,21748.2,13,614,123,,,,,,,12,343,252,,,,,,,,,,,,,,,,14,478,522,,,,,,
654,21784.3,13,599,123,,,,,,,12,335,268,,,,,,,,,,,,,,,,15,485,530,,,,,,
655,21816.2,13,582,125,,,,,,,12,328,286,,,,,,,,,,,,,,,,14,493,538,,,,,,
656,21848.3,13,565,127,,,,,,,12,323,305,,,,,,,,,,,,,,,,14,504,544,,,,,,
657,21884.4,13,545,129,,,,,,,12,317,324,,,,,,,,,,,,,,,,15,515,550,,,,,,
658,21916.3,12,521,132,,,,,,,12,313,346,,,,,,,,,,,,,,,,14,528,554,,,,,,
659,21950.6,13,494,136,,,,,,,12,310,370,,,,,,,,,,,,,,,,15,545,556,,,,,,
660,21984.3,12,469,143,,,,,,,12,310,395,,,,,,,,,,,,,,,,15,562,555,,,,,,
661,22016.1,12,444,152,,,,,,,12,312,419,,,,,,,,,,,,,,,,15,580,553,,,,,,
662,22048.1,13,421,164,,,,,,,12,317,443,,,,,,,,,,,,,,,,14,597,548,,,,,,
663,22084.1,13,398,177,,,,,,,11,324,466,,,,,,,,,,,,,,,,15,613,542,,,,,,
664,22123.5,13,377,193,,,,,,,12,332,486,,,,,,,,,,,,,,,,14,628,533,,,,,,
665,22148.3,13,357,210,,,,,,,12,342,507,,,,,,,,,,,,,,,,15,641,523,,,,,,
666,22183.9,13,339,228,,,,,,,11,355,525,,,,,,,,,,,,,,,,14,654,511,,,,,,
667,22216,13,323,249,,,,,,,12,369,542,,,,,,,,,,,,,,,,14,664,497,,,,,,
668,22248.2,13,309,270,,,,,,,11,384,556,,,,,,,,,,,,,,,,14,674,482,,,,,,
669,22284.1,13,297,292,,,,,,,11,400,570,,,,,,,,,,,,,,,,14,681,465,,,,,,
670,22316.5,13,287,316,,,,,,,11,418,580,,,,,,,,,,,,,,,,15,686,448,,,,,,
671,22348.3,13,280,340,,,,,,,11,437,590,,,,,,,,,,,,,,,,15,689,430,,,,,,
672,22384.1,13,274,364,,,,,,,11,455,597,,,,,,,,,,,,,,,,15,690,412,,,,,,
673,22416.3,12,270,388,,,,,,,11,474,601,,,,,,,,,,,,,,,,15,689,393,,,,,,
674,22448.7,13,269,413,,,,,,,12,493,604,,,,,,,,,,,,,,,,15,686,374,,,,,,
675,22484.2,13,271,437,,,,,,,11,514,604,,,,,,,,,,,,,,,,15,680,355,,,,,,
676,22516.9,13,274,461,,,,,,,11,533,602,,,,,,,,,,,,,,,,16,672,337,,,,,,
677,22548.4,13,280,484,,,,,,,11,551,598,,,,,,,,,,,,,,,,15,663,320,,,,,,
678,22584.3,13,287,505,,,,,,,11,569,592,,,,,,,,,,,,,,,,15,651,303,,,,,,
679,22616.4,13,297,526,,,,,,,12,586,584,,,,,,,,,,,,,,,,15,638,288,,,,,,
680,22648.3,13,309,547,,,,,,,11,602,574,,,,,,,,,,,,,,,,16,622,274,,,,,,
681,22684.1,13,321,565,,,,,,,11,617,562,,,,,,,,,,,,,,,,15,606,262,,,,,,
682,22716.2,13,336,582,,,,,,,11,630,549,,,,,,,,,,,,,,,,15,587,252,,,,,,
683,22748.2,12,351,597,,,,,,,11,640,534,,,,,,,,,,,,,,,,15,569,243,,,,,,
684,22783.9,12,368,611,,,,,,,11,649,519,,,,,,,,,,,,,,,,15,548,237,,,,,,
685,22816.9,12,387,622,,,,,,,11,658,501,,,,,,,,,,,,,,,,15,527,232,,,,,,
686,22848.3,12,406,632,,,,,,,10,662,483,,,,,,,,,,,,,,,,15,505,229,,,,,,
687,22884.1,12,426,640,,,,,,,10,666,465,,,,,,,,,,,,,,,,15,483,229,,,,,,
688,22916.5,12,446,645,,,,,,,12,668,445,,,,,,,,,,,,,,,,15,462,230,,,,,,
689,22948.4,12,467,648,,,,,,,11,666,429,,,,,,,,,,,,,,,,15,440,234,,,,,,
690,22985.1,12,487,649,,,,,,,10,663,408,,,,,,,,,,,,,,,,15,419,241,,,,,,
691,23016.1,12,507,648,,,,,,,10,658,390,,,,,,,,,,,,,,,,15,397,249,,,,,,
692,23048.2,12,527,644,,,,,,,10,651,373,,,,,,,,,,,,,,,,15,377,260,,,,,,
693,23084.1,12,546,639,,,,,,,11,643,357,,,,,,,,,,,,,,,,15,358,272,,,,,,
694,23116.5,12,565,632,,,,,,,11,631,341,,,,,,,,,,,,,,,,15,339,286,,,,,,
695,23148.3,12,582,624,,,,,,,11,618,326,,,,,,,,,,,,,,,,15,322,301,,,,,,
696,23184.3,12,598,613,,,,,,,11,602,313,,,,,,,,,,,,,,,,15,307,319,,,,,,
697,23216.6,12,611,601,,,,,,,10,587,301,,,,,,,,,,,,,,,,15,293,338,,,,,,
698,23248.3,,,,,,,,,,12,570,291,,,,,,,,,,,,,,,,15,281,358,,,,,,
699,23284.2,,,,,,,,,,12,550,283,,,,,,,,,,,,,,,,15,271,379,,,,,,
700,23316.5,,,,,,,,,,12,531,277,,,,,,,,,,,,,,,,15,263,401,,,,,,
701,23348.2,,,,,,,,,,12,511,273,,,,,,,,,,,,,,,,15,257,424,,,,,,
702,23384.2,,,,,,,,,,12,494,274,,,,,,,,,,,,,,,,15,253,446,,,,,,
703,23416.2,,,,,,,,,,11,482,279,,,,,,,,,,,,,,,,15,254,467,,,,,,
704,23448.3,,,,,,,,,,11,473,286,,,,,,,,,,,,,,,,14,258,490,,,,,,
705,23484.1,,,,,,,,,,12,466,292,,,,,,,,,,,,,,,,15,266,510,,,,,,
706,23516,,,,,,,,,,11,453,295,,,,,,,,,,,,,,,,14,272,529,,,,,,
707,23548.3,,,,,,,,,,11,439,297,,,,,,,,,,,,,,,,15,278,546,,,,,,
708,23583.9,,,,,,,,,,12,425,301,,,,,,,,,,,,,,,,14,286,562,,,,,,
709,23616.1,,,,,,,,,,12,412,306,,,,,,,,,,,,,,,,14,295,578,,,,,,
710,23648.2,10,679,411,,,,,,,12,399,312,,,,,,,,,,,,,,,,14,306,593,,,,,,
711,23684.2,12,675,395,,,,,,,12,387,319,,,,,,,,,,,,,,,,15,319,607,,,,,,
712,23716.4,13,669,379,,,,,,,12,374,327,,,,,,,,,,,,,,,,15,331,620,,,,,,
713,23748.4,13,661,363,,,,,,,12,363,336,,,,,,,,,,,,,,,,15,344,633,,,,,,
714,23784.1,13,652,349,,,,,,,12,353,346,,,,,,,,,,,,,,,,15,359,644,,,,,,
715,23816.4,13,641,335,,,,,,,12,344,358,,,,,,,,,,,,,,,,15,373,653,,,,,,
716,23850.8,13,630,322,,,,,,,12,336,371,,,,,,,,,,,,,,,,15,390,663,,,,,,
717,23886.5,13,617,311,,,,,,,12,329,384,,,,,,,,,,,,,,,,15,408,670,,,,,,
718,23922.9,13,605,300,,,,,,,12,324,397,,,,,,,,,,,,,,,,15,426,677,,,,,,
719,23948.7,13,593,291,,,,,,,11,320,412,,,,,,,,,,,,,,,,15,445,683,,,,,,
720,23984.2,13,578,284,,,,,,,11,318,427,,,,,,,,,,,,,,,,15,464,687,,,,,,
721,24016.6,13,564,278,,,,,,,11,317,444,,,,,,,,,,,,,,,,15,485,689,,,,,,
722,24048.3,13,550,274,,,,,,,12,318,460,,,,,,,,,,,,,,,,15,505,690,,,,,,
723,24084.3,13,536,272,,,,,,,11,320,475,,,,,,,,,,,,,,,,15,526,690,,,,,,
724,24116.1,13,523,270,,,,,,,12,324,493,,,,,,,,,,,,,,,,15,547,688,,,,,,
725,24148.6,13,509,270,,,,,,,11,330,508,,,,,,,,,,,,,,,,15,569,685,,,,,,
726,24184.2,14,496,272,,,,,,,11,337,523,,,,,,,,,,,,,,,,15,590,681,,,,,,
727,24216.4,13,482,276,,,,,,,12,346,539,,,,,,,,,,,,,,,,15,610,674,,,,,,
728,24248.3,13,470,280,,,,,,,11,356,553,,,,,,,,,,,,,,,,15,631,667,,,,,,
729,24284.2,13,459,286,,,,,,,12,367,568,,,,,,,,,,,,,,,,15,652,658,,,,,,
730,24316.2,13,448,294,,,,,,,11,380,581,,,,,,,,,,,,,,,,14,671,648,,,,,,
731,24348.4,13,438,302,,,,,,,11,394,594,,,,,,,,,,,,,,,,15,690,637,,,,,,
732,24385.5,13,429,313,,,,,,,12,410,607,,,,,,,,,,,,,,,,15,708,625,,,,,,
733,24416.6,13,422,323,,,,,,,11,426,618,,,,,,,,,,,,,,,,15,726,611,,,,,,
734,24448.4,13,415,335,,,,,,,11,444,627,,,,,,,,,,,,,,,,15,742,597,,,,,,
735,24487.6,13,410,348,,,,,,,11,463,637,,,,,,,,,,,,,,,,15,758,581,,,,,,
736,24516.4,13,406,361,,,,,,,11,483,645,,,,,,,,,,,,,,,,15,772,565,,,,,,
737,24548.3,13,403,375,,,,,,,11,503,651,,,,,,,,,,,,,,,,15,786,547,,,,,,
738,24584.1,13,402,390,,,,,,,11,524,656,,,,,,,,,,,,,,,,15,797,530,,,,,,
739,24616.2,13,403,405,,,,,,,11,547,661,,,,,,,,,,,,,,,,15,808,511,,,,,,
740,24652.3,13,405,421,,,,,,,12,569,664,,,,,,,,,,,,,,,,15,817,492,,,,,,
741,24688.3,13,408,436,,,,,,,12,592,665,,,,,,,,,,,,,,,,15,825,473,,,,,,
742,24716.2,13,413,452,,,,,,,12,615,664,,,,,,,,,,,,,,,,15,832,454,,,,,,
743,24748.4,12,419,468,,,,,,,11,638,662,,,,,,,,,,,,,,,,15,837,435,,,,,,
744,24784,13,427,484,,,,,,,11,661,659,,,,,,,,,,,,,,,,15,841,415,,,,,,
745,24816.2,12,436,498,,,,,,,11,684,654,,,,,,,,,,,,,,,,15,844,397,,,,,,
746,24850.1,13,446,514,,,,,,,12,708,648,,,,,,,,,,,,,,,,15,844,378,,,,,,
747,24884.2,13,459,527,,,,,,,11,729,641,,,,,,,,,,,,,,,,15,844,360,,,,,,
748,24916.5,13,472,541,,,,,,,11,753,631,,,,,,,,,,,,,,,,15,842,342,,,,,,
749,24948.2,13,486,554,,,,,,,12,774,622,,,,,,,,,,,,,,,,15,840,326,,,,,,
750,24985.3,13,502,567,,,,,,,12,795,609,,,,,,,,,,,,,,,,15,835,310,,,,,,
751,25016.1,13,519,579,,,,,,,12,816,598,,,,,,,,,,,,,,,,15,830,295,,,,,,
752,25048.4,12,537,590,,,,,,,12,835,583,,,,,,,,,,,,,,,,15,825,282,,,,,,
753,25084.1,12,556,600,,,,,,,12,852,569,,,,,,,,,,,,,,,,15,818,269,,,,,,
754,25116.4,12,576,609,,,,,,,12,871,552,,,,,,,,,,,,,,,,15,810,259,,,,,,
755,25148.5,12,583,613,,,,,,,11,876,544,,,,,,,,,,,,,,,,15,801,254,,,,,,
756,25184.4,12,586,616,,,,,,,12,876,537,,,,,,,,,,,,,,,,15,790,250,,,,,,
757,25216.2,12,589,620,,,,,,,13,876,527,,,,,,,,,,,,,,,,15,779,246,,,,,,
758,25248.4,13,593,623,,,,,,,12,875,521,,,,,,,,,,,,,,,,15,767,242,,,,,,
759,25285.7,12,596,625,,,,,,,12,873,514,,,,,,,,,,,,,,,,14,756,238,,,,,,
760,25316.4,12,600,627,,,,,,,12,874,504,,,,,,,,,,,,,,,,15,744,235,,,,,,
761,25348.4,12,604,629,,,,,,,12,873,495,,,,,,,,,,,,,,,,14,733,232,,,,,,
762,25384.5,12,608,632,,,,,,,12,872,488,,,,,,,,,,,,,,,,14,722,229,,,,,,
763,25416.3,12,612,633,,,,,,,11,870,479,,,,,,,,,,,,,,,,15,710,227,,,,,,
764,25448.3,12,616,634,,,,,,,12,868,472,,,,,,,,,,,,,,,,15,699,224,,,,,,
765,25484.4,12,621,635,,,,,,,11,866,461,,,,,,,,,,,,,,,,14,688,222,,,,,,
766,25516.3,12,626,635,,,,,,,11,865,453,,,,,,,,,,,,,,,,14,677,221,,,,,,
767,25548.4,12,631,636,,,,,,,11,862,443,,,,,,,,,,,,,,,,15,666,220,,,,,,
768,25584.2,13,635,636,,,,,,,11,859,437,,,,,,,,,,,,,,,,14,654,219,,,,,,
769,25616.2,12,640,636,,,,,,,11,857,426,,,,,,,,,,,,,,,,14,643,219,,,,,,
770,25648.2,12,645,635,,,,,,,12,854,419,,,,,,,,,,,,,,,,14,633,218,,,,,,
771,25684.2,12,651,634,,,,,,,11,850,410,,,,,,,,,,,,,,,,14,622,219,,,,,,
772,25717.3,12,656,633,,,,,,,11,848,401,,,,,,,,,,,,,,,,15,611,219,,,,,,
773,25748.2,12,661,631,,,,,,,11,843,392,,,,,,,,,,,,,,,,14,601,220,,,,,,
774,25784.2,12,667,630,,,,,,,11,839,384,,,,,,,,,,,,,,,,15,591,221,,,,,,
775,25816.3,12,672,628,,,,,,,11,835,375,,,,,,,,,,,,,,,,15,580,222,,,,,,
776,25848.2,12,678,625,,,,,,,10,831,367,,,,,,,,,,,,,,,,15,570,224,,,,,,
777,25884,12,683,622,,,,,,,11,826,359,,,,,,,,,,,,,,,,15,560,226,,,,,,
778,25916.4,12,688,620,,,,,,,12,823,350,,,,,,,,,,,,,,,,14,550,228,,,,,,
779,25948.7,12,695,614,,,,,,,11,814,337,,,,,,,,,,,,,,,,15,536,230,,,,,,
780,25984.2,12,704,605,,,,,,,11,803,320,,,,,,,,,,,,,,,,15,518,232,,,,,,
781,26016.3,12,712,594,,,,,,,10,791,302,,,,,,,,,,,,,,,,15,500,236,,,,,,
782,26048.5,12,720,582,,,,,,,11,777,283,,,,,,,,,,,,,,,,15,483,240,,,,,,
783,26084.2,12,728,569,,,,,,,12,765,268,,,,,,,,,,,,,,,,15,466,245,,,,,,
784,26116.1,12,734,555,,,,,,,13,749,252,,,,,,,,,,,,,,,,15,451,251,,,,,,
785,26148.4,13,741,541,,,,,,,13,733,238,,,,,,,,,,,,,,,,15,436,257,,,,,,
786,26184.3,12,746,526,,,,,,,13,718,223,,,,,,,,,,,,,,,,15,422,264,,,,,,
787,26216.4,12,750,509,,,,,,,13,700,210,,,,,,,,,,,,,,,,15,409,272,,,,,,
788,26249.6,12,755,493,,,,,,,13,683,198,,,,,,,,,,,,,,,,15,397,281,,,,,,
789,26284.4,13,758,475,,,,,,,14,666,185,,,,,,,,,,,,,,,,15,386,290,,,,,,
790,26316.3,13,761,458,,,,,,,14,648,174,,,,,,,,,,,,,,,,15,376,299,,,,,,
791,26351.5,13,762,440,,,,,,,13,629,166,,,,,,,,,,,,,,,,15,367,309,,,,,,
792,26384.3,13,763,420,,,,,,,13,611,158,,,,,,,,,,,,,,,,15,360,319,,,,,,
793,26416.4,13,763,402,,,,,,,13,593,151,,,,,,,,,,,,,,,,15,353,329,,,,,,
794,26454.2,13,761,383,,,,,,,13,575,145,,,,,,,,,,,,,,,,15,347,340,,,,,,
795,26484.1,13,758,363,,,,,,,13,556,140,,,,,,,,,,,,,,,,14,343,351,,,,,,
796,26516.1,13,755,344,,,,,,,12,536,135,,,,,,,,,,,,,,,,15,339,362,,,,,,
797,26548.3,13,751,325,,,,,,,12,517,132,,,,,,,,,,,,,,,,14,337,372,,,,,,
798,26584.3,13,745,306,,,,,,,11,497,131,,,,,,,,,,,,,,,,15,336,382,,,,,,
799,26618.9,13,739,287,,,,,,,11,479,130,,,,,,,,,,,,,,,,14,336,393,,,,,,
800,26648.2,13,732,268,,,,,,,12,461,130,,,,,,,,,,,,,,,,14,336,403,,,,,,
801,26684.3,12,723,250,,,,,,,12,444,131,,,,,,,,,,,,,,,,14,338,413,,,,,,
802,26716.3,13,714,232,,,,,,,12,428,133,,,,,,,,,,,,,,,,14,342,422,,,,,,
803,26748.2,12,703,214,,,,,,,12,412,137,,,,,,,,,,,,,,,,15,345,431,,,,,,
804,26784,13,693,198,,,,,,,12,396,141,,,,,,,,,,,,,,,,14,350,439,,,,,,
805,26816.5,12,680,185,,,,,,,12,380,143,,,,,,,,,,,,,,,,15,351,445,,,,,,
806,26848.4,12,671,181,,,,,,,13,373,147,,,,,,,,,,,,,,,,14,349,449,,,,,,
807,26884.5,13,667,181,,,,,,,13,367,152,,,,,,,,,,,,,,,,14,349,455,,,,,,
808,26916.1,12,659,177,,,,,,,13,359,162,,,,,,,,,,,,,,,,15,353,464,,,,,,
809,26948.6,12,649,168,,,,,,,14,349,175,,,,,,,,,,,,,,,,14,363,476,,,,,,
810,26984.1,13,637,155,,,,,,,13,338,191,,,,,,,,,,,,,,,,15,379,488,,,,,,
811,27016,13,622,142,,,,,,,14,330,210,,,,,,,,,,,,,,,,15,400,501,,,,,,
812,27048.3,13,608,131,,,,,,,13,325,230,,,,,,,,,,,,,,,,15,425,512,,,,,,
813,27084.2,13,592,123,,,,,,,13,321,252,,,,,,,,,,,,,,,,15,451,521,,,,,,
814,27116.4,13,575,116,,,,,,,12,319,274,,,,,,,,,,,,,,,,15,478,528,,,,,,
815,27148.3,13,558,113,,,,,,,12,322,299,,,,,,,,,,,,,,,,15,506,533,,,,,,
816,27184.2,13,541,112,,,,,,,12,326,322,,,,,,,,,,,,,,,,15,535,536,,,,,,
817,27216.2,13,524,113,,,,,,,12,333,345,,,,,,,,,,,,,,,,15,563,536,,,,,,
818,27249.3,13,508,118,,,,,,,12,343,369,,,,,,,,,,,,,,,,15,592,533,,,,,,
819,27284.2,13,492,124,,,,,,,12,355,391,,,,,,,,,,,,,,,,15,619,528,,,,,,
820,27316.2,13,477,134,,,,,,,12,369,413,,,,,,,,,,,,,,,,15,647,520,,,,,,
821,27348.3,12,463,145,,,,,,,11,386,434,,,,,,,,,,,,,,,,15,675,511,,,,,,
822,27384.2,13,451,158,,,,,,,11,404,453,,,,,,,,,,,,,,,,15,700,499,,,,,,
823,27417.7,13,440,174,,,,,,,11,425,472,,,,,,,,,,,,,,,,15,725,485,,,,,,
824,27448.6,13,431,191,,,,,,,11,448,488,,,,,,,,,,,,,,,,15,748,470,,,,,,
825,27484.2,13,425,210,,,,,,,11,472,502,,,,,,,,,,,,,,,,15,770,452,,,,,,
826,27516,13,420,230,,,,,,,11,499,517,,,,,,,,,,,,,,,,15,789,433,,,,,,
827,27548.2,13,418,251,,,,,,,11,525,527,,,,,,,,,,,,,,,,15,806,413,,,,,,
828,27584.1,13,418,273,,,,,,,11,554,535,,,,,,,,,,,,,,,,15,821,391,,,,,,
829,27616.2,13,420,296,,,,,,,11,583,541,,,,,,,,,,,,,,,,15,835,369,,,,,,
830,27648.4,13,425,320,,,,,,,11,613,545,,,,,,,,,,,,,,,,15,845,346,,,,,,
831,27684.1,13,432,343,,,,,,,11,643,546,,,,,,,,,,,,,,,,15,853,323,,,,,,
832,27716.2,13,442,366,,,,,,,11,673,544,,,,,,,,,,,,,,,,15,859,300,,,,,,
833,27748.2,12,454,388,,,,,,,11,704,541,,,,,,,,,,,,,,,,15,863,278,,,,,,
834,27784.1,13,469,410,,,,,,,11,734,535,,,,,,,,,,,,,,,,15,863,256,,,,,,
835,27816.1,13,485,430,,,,,,,11,763,526,,,,,,,,,,,,,,,,15,862,236,,,,,,
836,27848.2,13,505,451,,,,,,,10,792,515,,,,,,,,,,,,,,,,15,858,217,,,,,,
837,27884.2,13,524,468,,,,,,,12,821,503,,,,,,,,,,,,,,,,15,853,199,,,,,,
838,27916.2,13,548,486,,,,,,,11,846,488,,,,,,,,,,,,,,,,15,846,183,,,,,,
839,27948.9,12,571,501,,,,,,,12,871,471,,,,,,,,,,,,,,,,15,837,169,,,,,,
840,27984.3,12,597,515,,,,,,,12,893,453,,,,,,,,,,,,,,,,15,826,157,,,,,,
841,28016.3,12,624,527,,,,,,,11,913,434,,,,,,,,,,,,,,,,15,814,146,,,,,,
842,28048.4,12,653,536,,,,,,,11,932,410,,,,,,,,,,,,,,,,15,802,139,,,,,,
843,28084.2,12,683,544,,,,,,,11,948,389,,,,,,,,,,,,,,,,15,789,134,,,,,,
844,28116.2,13,714,549,,,,,,,11,962,367,,,,,,,,,,,,,,,,15,775,131,,,,,,
845,28152.1,12,744,551,,,,,,,11,972,344,,,,,,,,,,,,,,,,15,761,131,,,,,,
846,28184.4,12,776,552,,,,,,,11,981,322,,,,,,,,,,,,,,,,15,747,133,,,,,,
847,28216.4,12,808,550,,,,,,,10,987,300,,,,,,,,,,,,,,,,15,735,138,,,,,,
848,28248.5,13,840,546,,,,,,,12,991,276,,,,,,,,,,,,,,,,15,722,145,,,,,,
849,28284.4,13,869,539,,,,,,,13,991,257,,,,,,,,,,,,,,,,15,709,153,,,,,,
850,28316.3,13,876,534,,,,,,,13,980,246,,,,,,,,,,,,,,,,15,694,155,,,,,,
851,28348.4,13,878,527,,,,,,,13,968,234,,,,,,,,,,,,,,,,15,678,157,,,,,,
852,28384.2,12,879,519,,,,,,,13,956,223,,,,,,,,,,,,,,,,15,662,159,,,,,,
853,28416.1,13,881,510,,,,,,,13,942,212,,,,,,,,,,,,,,,,15,646,163,,,,,,
854,28448.5,13,882,502,,,,,,,13,929,200,,,,,,,,,,,,,,,,15,631,165,,,,,,
855,28484.2,13,883,493,,,,,,,13,916,190,,,,,,,,,,,,,,,,15,616,169,,,,,,
856,28516.2,13,884,484,,,,,,,13,902,179,,,,,,,,,,,,,,,,15,602,173,,,,,,
857,28548.6,13,884,475,,,,,,,13,888,169,,,,,,,,,,,,,,,,15,588,177,,,,,,
858,28586.3,13,884,464,,,,,,,13,874,159,,,,,,,,,,,,,,,,15,574,182,,,,,,
859,28616.2,13,884,454,,,,,,,14,860,150,,,,,,,,,,,,,,,,15,561,187,,,,,,
860,28652.3,13,884,443,,,,,,,13,845,142,,,,,,,,,,,,,,,,15,548,192,,,,,,
861,28684.1,13,883,433,,,,,,,11,831,132,,,,,,,,,,,,,,,,15,536,198,,,,,,
862,28716.2,13,882,421,,,,,,,12,815,123,,,,,,,,,,,,,,,,15,524,203,,,,,,
863,28752.9,13,880,410,,,,,,,11,800,116,,,,,,,,,,,,,,,,15,513,209,,,,,,
864,28784,12,878,399,,,,,,,11,783,108,,,,,,,,,,,,,,,,15,501,215,,,,,,
865,28816.3,13,867,389,,,,,,,10,757,104,,,,,,,,,,,,,,,,15,481,224,,,,,,
866,28848.5,12,851,377,,,,,,,10,724,99,,,,,,,,,,,,,,,,15,455,236,,,,,,
867,28886.1,13,834,363,,,,,,,10,690,94,,,,,,,,,,,,,,,,15,431,247,,,,,,
868,28918.9,13,816,350,,,,,,,10,655,90,,,,,,,,,,,,,,,,15,408,259,,,,,,
869,28952.9,12,798,336,,,,,,,11,622,87,,,,,,,,,,,,,,,,15,385,271,,,,,,
870,28991.1,12,779,323,,,,,,,11,588,84,,,,,,,,,,,,,,,,15,364,283,,,,,,
871,29018.7,12,760,309,,,,,,,11,555,83,,,,,,,,,,,,,,,,15,343,295,,,,,,
872,29053.9,13,740,295,,,,,,,11,520,82,,,,,,,,,,,,,,,,15,323,307,,,,,,
873,29084.1,12,718,281,,,,,,,12,485,81,,,,,,,,,,,,,,,,15,304,319,,,,,,
874,29125.3,13,697,267,,,,,,,11,453,83,,,,,,,,,,,,,,,,15,285,331,,,,,,
875,29151.7,12,674,254,,,,,,,11,419,85,,,,,,,,,,,,,,,,15,268,343,,,,,,
876,29184.2,12,651,241,,,,,,,11,386,87,,,,,,,,,,,,,,,,15,251,355,,,,,,
877,29216.2,12,627,227,,,,,,,11,353,91,,,,,,,,,,,,,,,,15,235,366,,,,,,
878,29248.5,12,601,218,,,,,,,11,323,94,,,,,,,,,,,,,,,,15,217,375,,,,,,
879,29284.2,12,580,208,,,,,,,11,293,105,,,,,,,,,,,,,,,,15,206,391,,,,,,
880,29316.2,12,564,201,,,,,,,11,270,128,,,,,,,,,,,,,,,,16,208,418,,,,,,
881,29348.4,13,552,198,,,,,,,13,253,158,,,,,,,,,,,,,,,,16,221,452,,,,,,
882,29384.1,12,541,200,,,,,,,13,241,193,,,,,,,,,,,,,,,,16,241,487,,,,,,
883,29416.3,12,529,201,,,,,,,13,232,232,,,,,,,,,,,,,,,,15,267,524,,,,,,
884,29452.2,13,515,202,,,,,,,12,223,273,,,,,,,,,,,,,,,,15,300,558,,,,,,
885,29487,13,498,206,,,,,,,12,220,317,,,,,,,,,,,,,,,,15,336,588,,,,,,
886,29516.1,13,475,211,,,,,,,12,220,363,,,,,,,,,,,,,,,,16,374,613,,,,,,
887,29548.3,13,449,219,,,,,,,12,220,407,,,,,,,,,,,,,,,,16,410,632,,,,,,
888,29584.9,12,424,231,,,,,,,11,225,449,,,,,,,,,,,,,,,,15,447,645,,,,,,
889,29620.1,13,404,248,,,,,,,12,233,488,,,,,,,,,,,,,,,,15,477,655,,,,,,
890,29650.1,13,391,267,,,,,,,11,243,522,,,,,,,,,,,,,,,,15,502,666,,,,,,
891,29688.2,13,382,287,,,,,,,11,253,551,,,,,,,,,,,,,,,,14,523,677,,,,,,
892,29716.2,13,374,306,,,,,,,11,262,579,,,,,,,,,,,,,,,,15,541,686,,,,,,
893,29749.2,13,366,325,,,,,,,11,273,603,,,,,,,,,,,,,,,,14,558,693,,,,,,
894,29784.2,13,358,342,,,,,,,11,286,626,,,,,,,,,,,,,,,,14,576,696,,,,,,
895,29816.4,13,352,357,,,,,,,11,300,647,,,,,,,,,,,,,,,,15,595,695,,,,,,
896,29848.4,13,350,372,,,,,,,12,314,664,,,,,,,,,,,,,,,,15,612,694,,,,,,
897,29884.2,13,345,388,,,,,,,11,329,681,,,,,,,,,,,,,,,,14,628,694,,,,,,
898,29920.1,13,340,406,,,,,,,11,346,698,,,,,,,,,,,,,,,,14,645,688,,,,,,
899,29948.3,13,335,424,,,,,,,11,365,715,,,,,,,,,,,,,,,,14,663,682,,,,,,
900,29985.2,13,331,444,,,,,,,11,384,731,,,,,,,,,,,,,,,,14,678,674,,,,,,
901,30018.7,13,328,465,,,,,,,11,404,745,,,,,,,,,,,,,,,,14,693,666,,,,,,
902,30051.5,13,327,485,,,,,,,11,426,759,,,,,,,,,,,,,,,,14,707,656,,,,,,
903,30084,13,327,507,,,,,,,11,447,771,,,,,,,,,,,,,,,,14,719,646,,,,,,
904,30116.1,12,328,528,,,,,,,12,469,785,,,,,,,,,,,,,,,,15,730,636,,,,,,
905,30148.3,13,330,550,,,,,,,11,494,794,,,,,,,,,,,,,,,,14,741,625,,,,,,
906,30184.9,12,334,572,,,,,,,12,516,801,,,,,,,,,,,,,,,,14,750,615,,,,,,
907,30217.4,13,341,595,,,,,,,12,539,809,,,,,,,,,,,,,,,,15,757,603,,,,,,
908,30248.2,13,348,617,,,,,,,12,563,814,,,,,,,,,,,,,,,,15,763,593,,,,,,
909,30287.9,12,355,639,,,,,,,11,587,819,,,,,,,,,,,,,,,,14,768,581,,,,,,
910,30320.4,12,365,660,,,,,,,13,611,821,,,,,,,,,,,,,,,,15,772,571,,,,,,
911,30348.5,13,377,683,,,,,,,12,634,823,,,,,,,,,,,,,,,,14,775,560,,,,,,
912,30384.2,13,389,704,,,,,,,13,659,824,,,,,,,,,,,,,,,,15,776,551,,,,,,
913,30416.3,13,403,724,,,,,,,12,680,824,,,,,,,,,,,,,,,,15,776,541,,,,,,
914,30448.2,13,418,745,,,,,,,12,703,821,,,,,,,,,,,,,,,,15,775,532,,,,,,
915,30484.2,12,434,764,,,,,,,12,725,817,,,,,,,,,,,,,,,,15,773,524,,,,,,
916,30516.5,13,451,783,,,,,,,13,745,812,,,,,,,,,,,,,,,,15,770,517,,,,,,
917,30548.9,12,470,801,,,,,,,12,767,807,,,,,,,,,,,,,,,,15,766,510,,,,,,
918,30584.4,13,489,818,,,,,,,13,787,800,,,,,,,,,,,,,,,,14,762,505,,,,,,
919,30616.1,12,510,834,,,,,,,13,805,793,,,,,,,,,,,,,,,,15,755,500,,,,,,
920,30648.5,12,531,850,,,,,,,13,823,785,,,,,,,,,,,,,,,,14,749,497,,,,,,
921,30684.3,12,553,863,,,,,,,12,839,776,,,,,,,,,,,,,,,,15,743,495,,,,,,
922,30716.2,12,577,877,,,,,,,13,855,766,,,,,,,,,,,,,,,,15,736,494,,,,,,
923,30750.5,12,600,888,,,,,,,12,869,756,,,,,,,,,,,,,,,,14,728,494,,,,,,
924,30784.4,12,625,899,,,,,,,13,882,746,,,,,,,,,,,,,,,,14,720,496,,,,,,
925,30818,12,650,908,,,,,,,12,894,734,,,,,,,,,,,,,,,,14,712,498,,,,,,
926,30848.7,12,675,916,,,,,,,12,905,722,,,,,,,,,,,,,,,,14,704,503,,,,,,
927,30884.4,12,701,922,,,,,,,12,914,712,,,,,,,,,,,,,,,,14,696,508,,,,,,
928,30916.3,12,726,927,,,,,,,12,922,700,,,,,,,,,,,,,,,,14,688,514,,,,,,
929,30949.2,12,751,931,,,,,,,12,929,688,,,,,,,,,,,,,,,,14,681,523,,,,,,
930,30984.2,12,777,934,,,,,,,13,936,676,,,,,,,,,,,,,,,,14,673,532,,,,,,
931,31016.1,12,802,935,,,,,,,13,939,666,,,,,,,,,,,,,,,,14,667,542,,,,,,
932,31053.1,12,827,935,,,,,,,13,942,657,,,,,,,,,,,,,,,,15,661,554,,,,,,
933,31084.4,12,851,933,,,,,,,13,944,646,,,,,,,,,,,,,,,,14,655,566,,,,,,
934,31116.3,12,875,930,,,,,,,13,946,636,,,,,,,,,,,,,,,,14,650,580,,,,,,
935,31152.5,12,899,927,,,,,,,11,944,628,,,,,,,,,,,,,,,,14,646,595,,,,,,
936,31187.4,13,923,922,,,,,,,13,945,619,,,,,,,,,,,,,,,,15,643,610,,,,,,
937,31225.5,12,942,911,,,,,,,12,929,606,,,,,,,,,,,,,,,,15,630,628,,,,,,
938,31249.3,13,952,889,,,,,,,12,898,585,,,,,,,,,,,,,,,,15,606,647,,,,,,
939,31284.3,13,957,861,,,,,,,12,860,569,,,,,,,,,,,,,,,,15,582,669,,,,,,
940,31316.1,13,958,830,,,,,,,11,821,554,,,,,,,,,,,,,,,,15,560,692,,,,,,
941,31348.5,12,954,800,,,,,,,11,780,545,,,,,,,,,,,,,,,,15,543,716,,,,,,
942,31384.4,12,946,768,,,,,,,11,740,539,,,,,,,,,,,,,,,,15,529,741,,,,,,
943,31416.3,12,935,735,,,,,,,11,699,538,,,,,,,,,,,,,,,,14,519,767,,,,,,
944,31448.4,12,920,703,,,,,,,11,660,539,,,,,,,,,,,,,,,,14,513,793,,,,,,
945,31484.2,12,899,671,,,,,,,11,622,546,,,,,,,,,,,,,,,,14,509,817,,,,,,
946,31516.2,12,876,641,,,,,,,11,585,556,,,,,,,,,,,,,,,,14,511,840,,,,,,
947,31548.3,12,849,614,,,,,,,11,551,569,,,,,,,,,,,,,,,,14,515,861,,,,,,
948,31584.3,12,819,589,,,,,,,11,520,585,,,,,,,,,,,,,,,,15,523,881,,,,,,
949,31616.3,12,787,567,,,,,,,11,491,603,,,,,,,,,,,,,,,,15,534,898,,,,,,
950,31651.5,12,751,548,,,,,,,11,466,624,,,,,,,,,,,,,,,,15,547,911,,,,,,
951,31687.7,12,715,533,,,,,,,11,444,648,,,,,,,,,,,,,,,,15,563,922,,,,,,
952,31716.5,12,677,522,,,,,,,11,425,671,,,,,,,,,,,,,,,,15,580,929,,,,,,
953,31748.4,12,643,518,,,,,,,12,406,688,,,,,,,,,,,,,,,,14,584,932,,,,,,
954,31784.4,12,610,513,,,,,,,11,388,704,,,,,,,,,,,,,,,,15,585,932,,,,,,
955,31816.2,12,576,505,,,,,,,11,375,719,,,,,,,,,,,,,,,,15,595,927,,,,,,
956,31848.4,12,547,495,,,,,,,12,364,727,,,,,,,,,,,,,,,,15,602,914,,,,,,
957,31884.7,13,532,484,,,,,,,12,362,727,,,,,,,,,,,,,,,,15,610,899,,,,,,
958,31916.3,12,533,473,,,,,,,12,365,720,,,,,,,,,,,,,,,,15,618,885,,,,,,
959,31949.7,13,540,460,,,,,,,12,375,709,,,,,,,,,,,,,,,,15,629,873,,,,,,
960,31980.3,13,540,444,,,,,,,11,383,698,,,,,,,,,,,,,,,,15,641,855,,,,,,
961,32016.3,13,539,427,,,,,,,12,390,687,,,,,,,,,,,,,,,,15,653,834,,,,,,
962,32048.4,13,535,408,,,,,,,11,398,673,,,,,,,,,,,,,,,,15,665,811,,,,,,
963,32080.2,13,529,390,,,,,,,11,400,660,,,,,,,,,,,,,,,,15,672,788,,,,,,
964,32116,13,525,372,,,,,,,11,402,645,,,,,,,,,,,,,,,,15,677,766,,,,,,
965,32148.3,13,525,354,,,,,,,12,403,628,,,,,,,,,,,,,,,,15,679,747,,,,,,
966,32180.6,13,522,340,,,,,,,12,405,614,,,,,,,,,,,,,,,,15,681,729,,,,,,
967,32216.3,13,514,332,,,,,,,11,406,608,,,,,,,,,,,,,,,,15,686,716,,,,,,
968,32248.3,13,505,330,,,,,,,12,409,610,,,,,,,,,,,,,,,,14,693,705,,,,,,
969,32280.7,13,493,333,,,,,,,11,415,617,,,,,,,,,,,,,,,,15,705,694,,,,,,
970,32316.1,13,483,339,,,,,,,11,424,628,,,,,,,,,,,,,,,,14,718,685,,,,,,
971,32348.2,13,473,347,,,,,,,12,435,640,,,,,,,,,,,,,,,,15,732,676,,,,,,
972,32380.5,13,462,355,,,,,,,12,448,650,,,,,,,,,,,,,,,,14,748,662,,,,,,
973,32418.9,13,453,364,,,,,,,12,462,659,,,,,,,,,,,,,,,,14,762,647,,,,,,
974,32448.2,13,444,375,,,,,,,12,477,667,,,,,,,,,,,,,,,,15,775,632,,,,,,
975,32482.1,13,438,386,,,,,,,11,494,674,,,,,,,,,,,,,,,,15,789,615,,,,,,
976,32516.1,13,431,398,,,,,,,12,511,681,,,,,,,,,,,,,,,,15,799,598,,,,,,
977,32548.4,13,427,410,,,,,,,12,528,685,,,,,,,,,,,,,,,,15,810,580,,,,,,
978,32580.2,13,423,423,,,,,,,12,546,689,,,,,,,,,,,,,,,,15,819,561,,,,,,
979,32617.4,13,422,437,,,,,,,11,565,691,,,,,,,,,,,,,,,,15,827,542,,,,,,
980,32648.4,12,421,450,,,,,,,13,586,693,,,,,,,,,,,,,,,,15,834,523,,,,,,
981,32680.6,12,422,463,,,,,,,12,605,693,,,,,,,,,,,,,,,,15,839,502,,,,,,
982,32721.4,12,424,477,,,,,,,11,625,691,,,,,,,,,,,,,,,,15,843,483,,,,,,
983,32748.4,13,428,491,,,,,,,12,645,688,,,,,,,,,,,,,,,,15,847,463,,,,,,
984,32783,13,434,505,,,,,,,11,666,683,,,,,,,,,,,,,,,,15,849,443,,,,,,
985,32817.8,12,440,518,,,,,,,11,686,678,,,,,,,,,,,,,,,,15,849,423,,,,,,
986,32854.7,12,448,531,,,,,,,12,706,671,,,,,,,,,,,,,,,,15,848,404,,,,,,
987,32880.5,13,457,544,,,,,,,12,726,662,,,,,,,,,,,,,,,,15,846,385,,,,,,
988,32923.2,13,468,556,,,,,,,11,747,652,,,,,,,,,,,,,,,,15,843,367,,,,,,
989,32948.5,13,480,567,,,,,,,12,764,643,,,,,,,,,,,,,,,,15,838,348,,,,,,
990,32980.4,13,492,578,,,,,,,13,784,630,,,,,,,,,,,,,,,,15,832,332,,,,,,
991,33017.6,13,507,589,,,,,,,12,802,617,,,,,,,,,,,,,,,,16,825,315,,,,,,
992,33048.2,13,521,598,,,,,,,12,820,603,,,,,,,,,,,,,,,,15,818,301,,,,,,
993,33080.3,13,538,607,,,,,,,13,835,586,,,,,,,,,,,,,,,,15,810,286,,,,,,
994,33116.2,13,554,614,,,,,,,12,850,571,,,,,,,,,,,,,,,,15,801,273,,,,,,
995,33148.3,13,572,620,,,,,,,11,864,555,,,,,,,,,,,,,,,,15,792,262,,,,,,
996,33180.3,12,591,626,,,,,,,12,878,536,,,,,,,,,,,,,,,,15,781,251,,,,,,
997,33216.2,12,611,630,,,,,,,11,891,517,,,,,,,,,,,,,,,,15,770,242,,,,,,
998,33248.6,12,631,634,,,,,,,12,900,498,,,,,,,,,,,,,,,,14,759,234,,,,,,
999,33280.4,12,651,635,,,,,,,11,911,479,,,,,,,,,,,,,,,,15,748,227,,,,,,
1000,33316.3,12,672,636,,,,,,,12,919,460,,,,,,,,,,,,,,,,15,737,221,,,,,,
1001,33348.2,12,694,635,,,,,,,11,927,440,,,,,,,,,,,,,,,,14,725,217,,,,,,
1002,33380.6,12,716,633,,,,,,,12,932,418,,,,,,,,,,,,,,,,14,714,215,,,,,,
1003,33416.6,12,738,630,,,,,,,12,938,399,,,,,,,,,,,,,,,,14,702,213,,,,,,
1004,33452.2,12,760,625,,,,,,,11,940,380,,,,,,,,,,,,,,,,14,691,213,,,,,,
1005,33481.6,12,782,619,,,,,,,11,943,360,,,,,,,,,,,,,,,,14,680,214,,,,,,
1006,33518.2,12,803,612,,,,,,,13,945,341,,,,,,,,,,,,,,,,15,669,217,,,,,,
1007,33548.4,12,825,602,,,,,,,12,940,320,,,,,,,,,,,,,,,,15,655,222,,,,,,
1008,33581.1,12,845,591,,,,,,,12,934,298,,,,,,,,,,,,,,,,15,642,228,,,,,,
1009,33617.4,12,865,578,,,,,,,12,926,278,,,,,,,,,,,,,,,,15,629,236,,,,,,
1010,33649.3,12,883,564,,,,,,,12,918,259,,,,,,,,,,,,,,,,15,618,244,,,,,,
1011,33680.4,12,902,549,,,,,,,13,908,243,,,,,,,,,,,,,,,,15,607,254,,,,,,
1012,33716.5,12,919,532,,,,,,,13,896,227,,,,,,,,,,,,,,,,15,598,265,,,,,,
1013,33748.2,12,934,513,,,,,,,13,884,213,,,,,,,,,,,,,,,,15,591,278,,,,,,
1014,33780.5,12,949,494,,,,,,,13,872,199,,,,,,,,,,,,,,,,15,584,290,,,,,,
1015,33816.4,13,961,474,,,,,,,13,858,188,,,,,,,,,,,,,,,,15,579,304,,,,,,
1016,33848.4,13,968,461,,,,,,,13,843,184,,,,,,,,,,,,,,,,15,573,318,,,,,,
1017,33880.4,13,965,451,,,,,,,13,823,183,,,,,,,,,,,,,,,,15,562,333,,,,,,
1018,33916.2,13,958,441,,,,,,,13,799,182,,,,,,,,,,,,,,,,15,549,349,,,,,,
1019,33948.7,13,950,430,,,,,,,13,774,183,,,,,,,,,,,,,,,,15,535,365,,,,,,
1020,33984.2,13,941,419,,,,,,,13,749,184,,,,,,,,,,,,,,,,15,522,382,,,,,,
1021,34015.9,13,931,408,,,,,,,13,724,187,,,,,,,,,,,,,,,,14,511,398,,,,,,
1022,34049.5,13,920,398,,,,,,,13,699,191,,,,,,,,,,,,,,,,14,501,415,,,,,,
1023,34080.5,13,908,387,,,,,,,13,674,195,,,,,,,,,,,,,,,,14,492,431,,,,,,
1024,34116.2,13,896,376,,,,,,,14,649,200,,,,,,,,,,,,,,,,14,483,448,,,,,,
1025,34148.3,13,883,365,,,,,,,13,626,206,,,,,,,,,,,,,,,,14,476,464,,,,,,
1026,34184.2,13,869,355,,,,,,,13,602,213,,,,,,,,,,,,,,,,14,469,480,,,,,,
1027,34216.4,13,853,345,,,,,,,13,578,221,,,,,,,,,,,,,,,,14,464,496,,,,,,
1028,34248.2,13,838,335,,,,,,,13,555,230,,,,,,,,,,,,,,,,14,459,511,,,,,,
1029,34280.3,13,821,326,,,,,,,13,533,240,,,,,,,,,,,,,,,,14,455,526,,,,,,
1030,34316.1,13,804,317,,,,,,,13,511,249,,,,,,,,,,,,,,,,14,452,541,,,,,,
1031,34348.3,13,786,309,,,,,,,12,489,258,,,,,,,,,,,,,,,,14,449,555,,,,,,
1032,34380.4,12,767,301,,,,,,,12,468,271,,,,,,,,,,,,,,,,14,448,569,,,,,,
1033,34416.3,13,748,294,,,,,,,11,447,284,,,,,,,,,,,,,,,,14,447,582,,,,,,
1034,34448.4,13,729,287,,,,,,,12,428,296,,,,,,,,,,,,,,,,14,447,594,,,,,,
1035,34480.3,13,709,282,,,,,,,12,410,311,,,,,,,,,,,,,,,,14,448,606,,,,,,
1036,34516.5,13,688,278,,,,,,,12,393,325,,,,,,,,,,,,,,,,14,448,617,,,,,,
1037,34548.4,13,669,276,,,,,,,12,376,338,,,,,,,,,,,,,,,,14,447,628,,,,,,
1038,34581.8,13,648,273,,,,,,,12,361,354,,,,,,,,,,,,,,,,14,449,638,,,,,,
1039,34616.3,13,625,268,,,,,,,12,347,373,,,,,,,,,,,,,,,,15,457,649,,,,,,
1040,34648.3,13,599,262,,,,,,,12,333,395,,,,,,,,,,,,,,,,15,470,659,,,,,,
1041,34680.4,13,571,257,,,,,,,12,323,418,,,,,,,,,,,,,,,,14,487,666,,,,,,
1042,34716.2,13,541,255,,,,,,,11,316,446,,,,,,,,,,,,,,,,15,509,671,,,,,,
1043,34748.1,13,511,254,,,,,,,12,314,474,,,,,,,,,,,,,,,,15,534,672,,,,,,
1044,34783.8,13,482,258,,,,,,,12,316,502,,,,,,,,,,,,,,,,15,562,670,,,,,,
1045,34816,13,452,266,,,,,,,12,322,529,,,,,,,,,,,,,,,,15,588,662,,,,,,
1046,34852.3,13,425,277,,,,,,,11,332,556,,,,,,,,,,,,,,,,14,615,651,,,,,,
1047,34881.5,13,399,292,,,,,,,11,346,581,,,,,,,,,,,,,,,,15,639,637,,,,,,
1048,34916.4,13,377,310,,,,,,,12,363,603,,,,,,,,,,,,,,,,15,662,618,,,,,,
1049,34948.4,13,357,331,,,,,,,11,383,623,,,,,,,,,,,,,,,,15,682,596,,,,,,
1050,34980.5,13,340,354,,,,,,,12,407,640,,,,,,,,,,,,,,,,15,697,572,,,,,,
1051,35016.1,13,327,380,,,,,,,11,432,654,,,,,,,,,,,,,,,,15,712,546,,,,,,
1052,35048.2,13,317,407,,,,,,,12,459,663,,,,,,,,,,,,,,,,15,721,518,,,,,,
1053,35084.2,12,312,435,,,,,,,11,487,669,,,,,,,,,,,,,,,,15,726,488,,,,,,
1054,35116.2,12,311,463,,,,,,,11,516,671,,,,,,,,,,,,,,,,15,727,457,,,,,,
1055,35148.4,13,314,492,,,,,,,12,545,669,,,,,,,,,,,,,,,,16,724,427,,,,,,
1056,35184,12,320,518,,,,,,,11,574,663,,,,,,,,,,,,,,,,15,718,398,,,,,,
1057,35218.4,13,330,545,,,,,,,12,603,653,,,,,,,,,,,,,,,,15,707,370,,,,,,
1058,35248.4,13,344,569,,,,,,,11,629,639,,,,,,,,,,,,,,,,16,693,344,,,,,,
1059,35280.3,13,361,591,,,,,,,11,654,621,,,,,,,,,,,,,,,,16,675,321,,,,,,
1060,35316.2,13,380,611,,,,,,,11,676,600,,,,,,,,,,,,,,,,16,655,300,,,,,,
1061,35348.3,12,403,629,,,,,,,12,695,577,,,,,,,,,,,,,,,,15,633,282,,,,,,
1062,35380.8,12,428,644,,,,,,,11,710,552,,,,,,,,,,,,,,,,15,608,268,,,,,,
1063,35416.2,12,455,654,,,,,,,12,722,522,,,,,,,,,,,,,,,,15,581,258,,,,,,
1064,35449.2,12,484,660,,,,,,,10,730,494,,,,,,,,,,,,,,,,15,554,252,,,,,,
1065,35480.4,12,513,664,,,,,,,10,734,464,,,,,,,,,,,,,,,,15,526,249,,,,,,
1066,35518.4,12,543,663,,,,,,,10,736,433,,,,,,,,,,,,,,,,15,499,251,,,,,,
1067,35550.4,12,573,658,,,,,,,10,731,403,,,,,,,,,,,,,,,,15,472,256,,,,,,
1068,35583.5,12,601,649,,,,,,,11,724,373,,,,,,,,,,,,,,,,15,447,266,,,,,,
1069,35616.4,12,629,637,,,,,,,11,712,347,,,,,,,,,,,,,,,,15,423,279,,,,,,
1070,35651.7,12,654,621,,,,,,,11,697,322,,,,,,,,,,,,,,,,15,401,295,,,,,,
1071,35688.2,12,678,603,,,,,,,11,679,300,,,,,,,,,,,,,,,,15,382,314,,,,,,
1072,35720.1,12,699,581,,,,,,,12,657,279,,,,,,,,,,,,,,,,15,366,336,,,,,,
1073,35748.8,12,717,556,,,,,,,12,633,264,,,,,,,,,,,,,,,,15,353,360,,,,,,
1074,35784.8,12,731,529,,,,,,,13,609,252,,,,,,,,,,,,,,,,15,343,385,,,,,,
1075,35816.2,12,742,501,,,,,,,13,582,245,,,,,,,,,,,,,,,,15,338,412,,,,,,
1076,35855.4,12,749,472,,,,,,,13,555,240,,,,,,,,,,,,,,,,15,336,439,,,,,,
1077,35880.3,12,752,443,,,,,,,13,528,241,,,,,,,,,,,,,,,,15,338,468,,,,,,
1078,35916.5,12,751,413,,,,,,,13,501,245,,,,,,,,,,,,,,,,15,344,494,,,,,,
1079,35953.9,13,746,385,,,,,,,13,476,251,,,,,,,,,,,,,,,,14,353,521,,,,,,
1080,35980.3,13,738,357,,,,,,,12,451,262,,,,,,,,,,,,,,,,15,365,547,,,,,,
1081,36016.1,12,725,332,,,,,,,12,429,278,,,,,,,,,,,,,,,,15,382,570,,,,,,
1082,36048.5,13,710,310,,,,,,,12,410,296,,,,,,,,,,,,,,,,15,402,591,,,,,,
1083,36080.7,13,692,292,,,,,,,12,393,314,,,,,,,,,,,,,,,,15,420,609,,,,,,
1084,36116.5,13,673,279,,,,,,,12,377,330,,,,,,,,,,,,,,,,14,434,622,,,,,,
1085,36148.2,13,653,269,,,,,,,12,364,345,,,,,,,,,,,,,,,,14,445,631,,,,,,
1086,36180.4,13,631,259,,,,,,,12,351,361,,,,,,,,,,,,,,,,15,458,639,,,,,,
1087,36218.2,13,608,249,,,,,,,12,341,380,,,,,,,,,,,,,,,,15,474,646,,,,,,
1088,36248.4,12,583,241,,,,,,,12,333,401,,,,,,,,,,,,,,,,15,494,650,,,,,,
1089,36280.4,13,558,235,,,,,,,12,328,423,,,,,,,,,,,,,,,,15,517,652,,,,,,
1090,36316.2,13,534,232,,,,,,,12,327,446,,,,,,,,,,,,,,,,15,542,652,,,,,,
1091,36348.4,12,510,232,,,,,,,12,330,468,,,,,,,,,,,,,,,,15,566,648,,,,,,
1092,36381,13,487,235,,,,,,,12,334,490,,,,,,,,,,,,,,,,15,590,643,,,,,,
1093,36416.3,13,465,241,,,,,,,12,342,511,,,,,,,,,,,,,,,,15,614,634,,,,,,
1094,36448.6,13,444,249,,,,,,,11,353,530,,,,,,,,,,,,,,,,15,637,623,,,,,,
1095,36480.4,13,425,260,,,,,,,11,366,549,,,,,,,,,,,,,,,,15,659,609,,,,,,
1096,36516.2,13,407,273,,,,,,,11,381,567,,,,,,,,,,,,,,,,15,679,593,,,,,,
1097,36548.4,13,391,288,,,,,,,11,399,583,,,,,,,,,,,,,,,,15,698,575,,,,,,
1098,36580.3,13,378,304,,,,,,,11,418,597,,,,,,,,,,,,,,,,15,715,555,,,,,,
1099,36616,13,366,323,,,,,,,11,440,608,,,,,,,,,,,,,,,,15,729,533,,,,,,
1100,36648.4,13,357,343,,,,,,,11,462,617,,,,,,,,,,,,,,,,15,742,509,,,,,,
1101,36689.2,13,351,364,,,,,,,11,486,625,,,,,,,,,,,,,,,,15,752,484,,,,,,
1102,36716.3,13,348,385,,,,,,,11,511,628,,,,,,,,,,,,,,,,15,759,459,,,,,,
1103,36748.1,13,347,407,,,,,,,11,537,629,,,,,,,,,,,,,,,,15,764,432,,,,,,
1104,36780.3,12,349,429,,,,,,,11,563,629,,,,,,,,,,,,,,,,15,766,406,,,,,,
1105,36817.6,13,354,451,,,,,,,11,590,625,,,,,,,,,,,,,,,,16,765,380,,,,,,
1106,36848.3,13,361,471,,,,,,,11,615,618,,,,,,,,,,,,,,,,16,762,354,,,,,,
1107,36884.1,13,371,492,,,,,,,11,640,609,,,,,,,,,,,,,,,,16,756,329,,,,,,
1108,36916.2,13,384,510,,,,,,,11,665,597,,,,,,,,,,,,,,,,16,747,305,,,,,,
1109,36956.8,13,398,528,,,,,,,11,688,583,,,,,,,,,,,,,,,,15,737,283,,,,,,
1110,36983.3,13,416,545,,,,,,,12,709,566,,,,,,,,,,,,,,,,16,723,262,,,,,,
1111,37016.2,12,434,560,,,,,,,11,730,545,,,,,,,,,,,,,,,,15,709,244,,,,,,
1112,37048.1,13,455,573,,,,,,,10,747,525,,,,,,,,,,,,,,,,15,692,228,,,,,,
1113,37088.2,12,477,584,,,,,,,11,763,504,,,,,,,,,,,,,,,,15,675,214,,,,,,
1114,37116.8,12,501,592,,,,,,,11,778,478,,,,,,,,,,,,,,,,15,656,203,,,,,,
1115,37148.5,12,526,599,,,,,,,11,788,452,,,,,,,,,,,,,,,,14,636,194,,,,,,
1116,37180.9,12,552,602,,,,,,,10,797,427,,,,,,,,,,,,,,,,15,616,188,,,,,,
1117,37218.9,12,579,602,,,,,,,10,802,400,,,,,,,,,,,,,,,,15,595,185,,,,,,
1118,37248.5,12,605,601,,,,,,,11,806,374,,,,,,,,,,,,,,,,14,575,184,,,,,,
1119,37280.4,12,632,597,,,,,,,11,807,347,,,,,,,,,,,,,,,,15,554,187,,,,,,
1120,37316.3,12,659,590,,,,,,,11,803,322,,,,,,,,,,,,,,,,15,535,191,,,,,,
1121,37348.3,12,685,579,,,,,,,10,798,297,,,,,,,,,,,,,,,,15,517,199,,,,,,
1122,37380.3,12,710,567,,,,,,,12,790,272,,,,,,,,,,,,,,,,15,499,209,,,,,,
1123,37416.1,12,734,553,,,,,,,13,780,251,,,,,,,,,,,,,,,,15,484,221,,,,,,
1124,37448.3,12,756,536,,,,,,,13,768,231,,,,,,,,,,,,,,,,15,470,235,,,,,,
1125,37480.3,12,776,516,,,,,,,13,754,213,,,,,,,,,,,,,,,,15,458,251,,,,,,
1126,37516.5,13,795,496,,,,,,,13,739,197,,,,,,,,,,,,,,,,15,448,268,,,,,,
1127,37548.9,13,812,473,,,,,,,13,722,183,,,,,,,,,,,,,,,,15,441,287,,,,,,
1128,37580.5,13,827,450,,,,,,,13,702,172,,,,,,,,,,,,,,,,15,436,308,,,,,,
1129,37616.3,13,839,425,,,,,,,13,684,164,,,,,,,,,,,,,,,,15,434,329,,,,,,
1130,37648.5,13,848,400,,,,,,,13,664,159,,,,,,,,,,,,,,,,14,434,350,,,,,,
1131,37680.5,13,854,374,,,,,,,13,644,156,,,,,,,,,,,,,,,,14,436,372,,,,,,
1132,37716.7,12,858,348,,,,,,,12,625,156,,,,,,,,,,,,,,,,15,442,394,,,,,,
1133,37748.3,13,860,323,,,,,,,13,606,159,,,,,,,,,,,,,,,,14,449,415,,,,,,
1134,37780.5,13,858,297,,,,,,,13,587,164,,,,,,,,,,,,,,,,14,460,436,,,,,,
1135,37816.9,13,854,274,,,,,,,14,570,170,,,,,,,,,,,,,,,,14,473,455,,,,,,
1136,37848.4,13,846,256,,,,,,,14,555,177,,,,,,,,,,,,,,,,14,482,470,,,,,,
1137,37880.4,13,834,240,,,,,,,13,539,181,,,,,,,,,,,,,,,,14,486,478,,,,,,
1138,37916.5,12,820,222,,,,,,,13,522,184,,,,,,,,,,,,,,,,14,490,485,,,,,,
1139,37951.9,12,804,201,,,,,,,14,504,188,,,,,,,,,,,,,,,,15,496,491,,,,,,
1140,37980.2,12,786,179,,,,,,,13,485,193,,,,,,,,,,,,,,,,14,503,495,,,,,,
1141,38016.1,12,766,158,,,,,,,14,468,199,,,,,,,,,,,,,,,,14,511,498,,,,,,
1142,38048.3,12,746,138,,,,,,,14,452,205,,,,,,,,,,,,,,,,14,521,500,,,,,,
1143,38084.2,13,725,120,,,,,,,14,439,213,,,,,,,,,,,,,,,,14,532,500,,,,,,
1144,38116.3,12,703,102,,,,,,,14,427,222,,,,,,,,,,,,,,,,15,545,499,,,,,,
1145,38148.5,12,679,86,,,,,,,13,416,232,,,,,,,,,,,,,,,,15,560,497,,,,,,
1146,38180.6,12,653,71,,,,,,,13,406,242,,,,,,,,,,,,,,,,15,574,492,,,,,,
1147,38216.2,12,626,58,,,,,,,13,396,252,,,,,,,,,,,,,,,,14,588,486,,,,,,
1148,38248.4,13,600,46,,,,,,,13,387,263,,,,,,,,,,,,,,,,15,601,477,,,,,,
1149,38280.6,13,574,38,,,,,,,12,381,272,,,,,,,,,,,,,,,,15,613,467,,,,,,
1150,38316.8,13,550,32,,,,,,,12,377,282,,,,,,,,,,,,,,,,15,625,456,,,,,,
1151,38348.7,13,525,27,,,,,,,12,375,291,,,,,,,,,,,,,,,,15,635,444,,,,,,
1152,38380.4,13,503,22,,,,,,,12,374,298,,,,,,,,,,,,,,,,15,646,430,,,,,,
1153,38416.5,13,481,21,,,,,,,12,374,306,,,,,,,,,,,,,,,,15,656,415,,,,,,
1154,38448.4,13,459,20,,,,,,,12,376,313,,,,,,,,,,,,,,,,15,665,398,,,,,,
1155,38480.5,13,438,20,,,,,,,13,379,320,,,,,,,,,,,,,,,,15,675,381,,,,,,
1156,38516.3,13,418,21,,,,,,,12,383,326,,,,,,,,,,,,,,,,15,682,361,,,,,,
1157,38549.4,13,400,24,,,,,,,12,389,330,,,,,,,,,,,,,,,,15,690,341,,,,,,
1158,38580.3,13,382,28,,,,,,,13,395,334,,,,,,,,,,,,,,,,15,696,320,,,,,,
1159,38616.3,13,365,33,,,,,,,12,403,336,,,,,,,,,,,,,,,,15,703,298,,,,,,
1160,38651.5,13,350,38,,,,,,,12,412,338,,,,,,,,,,,,,,,,15,707,275,,,,,,
1161,38687.5,13,335,45,,,,,,,12,420,339,,,,,,,,,,,,,,,,15,709,251,,,,,,
1162,38716.2,13,319,56,,,,,,,12,429,342,,,,,,,,,,,,,,,,15,708,229,,,,,,
1163,38748.3,13,303,69,,,,,,,12,433,345,,,,,,,,,,,,,,,,15,704,213,,,,,,
1164,38780.4,13,288,83,,,,,,,12,432,351,,,,,,,,,,,,,,,,14,696,205,,,,,,
1165,38816.1,13,274,96,,,,,,,13,425,361,,,,,,,,,,,,,,,,14,685,209,,,,,,
1166,38848.6,13,262,107,,,,,,,12,416,370,,,,,,,,,,,,,,,,14,673,215,,,,,,
1167,38880.6,13,251,116,,,,,,,12,406,378,,,,,,,,,,,,,,,,14,662,222,,,,,,
1168,38916.4,13,241,124,,,,,,,12,397,386,,,,,,,,,,,,,,,,14,653,230,,,,,,
1169,38949.2,13,234,128,,,,,,,12,388,389,,,,,,,,,,,,,,,,14,646,235,,,,,,
1170,38980.4,13,226,138,,,,,,,11,385,396,,,,,,,,,,,,,,,,14,639,238,,,,,,
1171,39017,13,219,153,,,,,,,12,385,407,,,,,,,,,,,,,,,,14,634,241,,,,,,
1172,39048.2,13,214,169,,,,,,,12,389,417,,,,,,,,,,,,,,,,14,632,242,,,,,,
1173,39080.6,13,211,185,,,,,,,11,395,426,,,,,,,,,,,,,,,,14,630,241,,,,,,
1174,39116.2,13,208,200,,,,,,,12,401,433,,,,,,,,,,,,,,,,14,630,239,,,,,,
1175,39148.3,13,206,212,,,,,,,11,407,439,,,,,,,,,,,,,,,,14,629,236,,,,,,
1176,39184.2,13,204,225,,,,,,,11,412,444,,,,,,,,,,,,,,,,14,627,235,,,,,,
1177,39216.4,13,202,238,,,,,,,12,418,449,,,,,,,,,,,,,,,,14,624,231,,,,,,
1178,39248.4,13,198,251,,,,,,,11,423,452,,,,,,,,,,,,,,,,14,619,225,,,,,,
1179,39280.4,13,195,262,,,,,,,11,427,453,,,,,,,,,,,,,,,,15,613,218,,,,,,
1180,39316.2,13,190,274,,,,,,,11,433,453,,,,,,,,,,,,,,,,15,606,206,,,,,,
1181,39348.4,13,186,287,,,,,,,11,438,452,,,,,,,,,,,,,,,,15,597,196,,,,,,
1182,39388.7,13,184,299,,,,,,,12,445,451,,,,,,,,,,,,,,,,15,588,185,,,,,,
1183,39416.4,13,182,311,,,,,,,11,448,448,,,,,,,,,,,,,,,,15,579,175,,,,,,
1184,39450.3,14,181,322,,,,,,,12,456,445,,,,,,,,,,,,,,,,15,570,165,,,,,,
1185,39484.2,14,180,334,,,,,,,12,460,442,,,,,,,,,,,,,,,,16,558,154,,,,,,
1186,39516.6,14,179,346,,,,,,,12,465,437,,,,,,,,,,,,,,,,15,548,145,,,,,,
1187,39548.6,14,180,356,,,,,,,12,470,432,,,,,,,,,,,,,,,,15,536,136,,,,,,
1188,39580.3,14,181,367,,,,,,,12,475,427,,,,,,,,,,,,,,,,15,525,127,,,,,,
1189,39616.3,14,183,378,,,,,,,12,479,421,,,,,,,,,,,,,,,,15,513,119,,,,,,
1190,39648.4,14,185,388,,,,,,,11,483,414,,,,,,,,,,,,,,,,15,500,111,,,,,,
1191,39687,14,188,397,,,,,,,11,487,408,,,,,,,,,,,,,,,,15,487,103,,,,,,
1192,39716.2,13,191,406,,,,,,,12,490,400,,,,,,,,,,,,,,,,15,474,96,,,,,,
1193,39752.1,13,195,414,,,,,,,12,494,392,,,,,,,,,,,,,,,,15,460,89,,,,,,
1194,39784.1,13,199,422,,,,,,,12,495,385,,,,,,,,,,,,,,,,15,446,83,,,,,,
1195,39816.2,13,204,430,,,,,,,12,498,376,,,,,,,,,,,,,,,,15,432,78,,,,,,
1196,39848.4,13,209,438,,,,,,,12,499,367,,,,,,,,,,,,,,,,15,417,73,,,,,,
1197,39880.4,13,215,444,,,,,,,11,500,357,,,,,,,,,,,,,,,,15,403,69,,,,,,
1198,39916.2,13,221,450,,,,,,,12,501,348,,,,,,,,,,,,,,,,15,388,65,,,,,,
1199,39948.6,13,228,456,,,,,,,12,502,338,,,,,,,,,,,,,,,,15,374,61,,,,,,
1200,39980.4,13,234,461,,,,,,,12,502,329,,,,,,,,,,,,,,,,15,358,58,,,,,,
1201,40016.3,13,242,466,,,,,,,12,501,319,,,,,,,,,,,,,,,,15,343,56,,,,,,
1202,40048.4,13,249,469,,,,,,,12,499,308,,,,,,,,,,,,,,,,15,328,55,,,,,,
1203,40080.6,13,257,472,,,,,,,12,499,298,,,,,,,,,,,,,,,,15,313,54,,,,,,
1204,40116.4,13,264,475,,,,,,,12,496,287,,,,,,,,,,,,,,,,15,298,54,,,,,,
1205,40148.4,13,273,477,,,,,,,12,493,276,,,,,,,,,,,,,,,,15,284,54,,,,,,
1206,40183.5,13,281,478,,,,,,,12,490,264,,,,,,,,,,,,,,,,15,269,56,,,,,,
1207,40217.3,13,289,479,,,,,,,13,485,254,,,,,,,,,,,,,,,,15,254,57,,,,,,
1208,40248.5,13,297,479,,,,,,,13,481,244,,,,,,,,,,,,,,,,15,240,60,,,,,,
1209,40280.5,13,305,479,,,,,,,13,476,233,,,,,,,,,,,,,,,,15,226,63,,,,,,
1210,40316.4,13,313,478,,,,,,,14,472,223,,,,,,,,,,,,,,,,15,211,66,,,,,,
1211,40348.3,13,315,477,,,,,,,13,463,218,,,,,,,,,,,,,,,,15,201,69,,,,,,
1212,40380.4,13,316,480,,,,,,,13,462,219,,,,,,,,,,,,,,,,15,198,74,,,,,,
1213,40416.2,12,324,483,,,,,,,13,465,221,,,,,,,,,,,,,,,,15,199,80,,,,,,
1214,40448.5,12,336,487,,,,,,,14,472,220,,,,,,,,,,,,,,,,15,201,87,,,,,,
1215,40482.7,12,353,488,,,,,,,14,477,214,,,,,,,,,,,,,,,,15,202,93,,,,,,
1216,40516.9,12,374,483,,,,,,,13,483,201,,,,,,,,,,,,,,,,15,201,97,,,,,,
1217,40548.9,12,400,473,,,,,,,13,488,181,,,,,,,,,,,,,,,,15,199,100,,,,,,
1218,40580.4,12,431,455,,,,,,,14,492,155,,,,,,,,,,,,,,,,15,196,103,,,,,,
1219,40616.3,12,465,433,,,,,,,11,495,126,,,,,,,,,,,,,,,,15,194,109,,,,,,
1220,40648.3,12,498,409,,,,,,,11,495,99,,,,,,,,,,,,,,,,15,196,116,,,,,,
1221,40680.4,12,530,383,,,,,,,11,497,76,,,,,,,,,,,,,,,,15,199,124,,,,,,
1222,40716.5,12,560,356,,,,,,,11,495,54,,,,,,,,,,,,,,,,15,205,133,,,,,,
1223,40748.5,12,589,327,,,,,,,11,493,33,,,,,,,,,,,,,,,,15,212,144,,,,,,
1224,40780.5,13,617,297,,,,,,,11,490,16,,,,,,,,,,,,,,,,15,221,156,,,,,,
1225,40816.3,12,641,267,,,,,,,10,486,3,,,,,,,,,,,,,,,,14,234,169,,,,,,
1226,40850.5,12,663,234,,,,,,,,,,,,,,,,,,,,,,,,,14,248,182,,,,,,
1227,40881.6,12,684,203,,,,,,,,,,,,,,,,,,,,,,,,,15,265,196,,,,,,
1228,40916.2,12,701,171,,,,,,,,,,,,,,,,,,,,,,,,,14,284,210,,,,,,
1229,40948.4,12,717,139,,,,,,,,,,,,,,,,,,,,,,,,,14,305,223,,,,,,
1230,40980.6,12,732,109,,,,,,,,,,,,,,,,,,,,,,,,,14,328,236,,,,,,
1231,41016.4,12,744,78,,,,,,,,,,,,,,,,,,,,,,,,,15,353,248,,,,,,
1232,41048.5,13,753,49,,,,,,,,,,,,,,,,,,,,,,,,,15,381,260,,,,,,
1233,41080.4,13,760,21,,,,,,,,,,,,,,,,,,,,,,,,,15,411,270,,,,,,
1234,41116.3,13,765,7,,,,,,,,,,,,,,,,,,,,,,,,,15,433,275,,,,,,
1235,41148.5,13,765,10,,,,,,,,,,,,,,,,,,,,,,,,,15,428,270,,,,,,
1236,41181.6,13,764,20,,,,,,,,,,,,,,,,,,,,,,,,,15,425,274,,,,,,
1237,41216.4,12,755,28,,,,,,,,,,,,,,,,,,,,,,,,,15,421,288,,,,,,
1238,41252.3,12,737,36,,,,,,,12,434,9,,,,,,,,,,,,,,,,15,418,310,,,,,,
1239,41280.4,12,714,46,,,,,,,11,411,42,,,,,,,,,,,,,,,,16,415,341,,,,,,
1240,41316.4,12,687,60,,,,,,,11,386,83,,,,,,,,,,,,,,,,15,416,377,,,,,,
1241,41348.3,12,657,73,,,,,,,11,361,127,,,,,,,,,,,,,,,,16,421,417,,,,,,
1242,41380.6,12,625,84,,,,,,,13,339,169,,,,,,,,,,,,,,,,15,429,453,,,,,,
