frame_no,timestamp,size_px-darkorange,position_px_x-darkorange,position_px_y-darkorange,rx-darkorange,ry-darkorange,vx-darkorange,vy-darkorange,ax-darkorange,ay-darkorange,size_px-green,position_px_x-green,position_px_y-green,rx-green,ry-green,vx-green,vy-green,ax-green,ay-green,size_px-lightorange,position_px_x-lightorange,position_px_y-lightorange,rx-lightorange,ry-lightorange,vx-lightorange,vy-lightorange,ax-lightorange,ay-lightorange,size_px-yellowneon,position_px_x-yellowneon,position_px_y-yellowneon,rx-yellowneon,ry-yellowneon,vx-yellowneon,vy-yellowneon,ax-yellowneon,ay-yellowneon
1,108.4,,,,,,,,,,,,,,,,,,,32,1069,452,,,,,,,,,,,,,,,
2,201.4,,,,,,,,,,,,,,,,,,,11,274,516,,,,,,,,,,,,,,,
3,239.7,,,,,,,,,,,,,,,,,,,11,24,703,,,,,,,,,,,,,,,
4,251.4,8,696,216,,,,,,,15,489,430,,,,,,,,,,,,,,,,15,689,643,,,,,,
5,263.2,9,695,217,,,,,,,15,491,431,,,,,,,,,,,,,,,,13,690,644,,,,,,
6,273,8,700,217,,,,,,,15,493,430,,,,,,,,,,,,,,,,13,689,644,,,,,,
7,283.5,9,701,217,,,,,,,15,493,428,,,,,,,,,,,,,,,,14,688,644,,,,,,
8,283.5,9,703,217,,,,,,,14,494,427,,,,,,,,,,,,,,,,14,688,644,,,,,,
9,292.8,5,705,215,,,,,,,15,494,427,,,,,,,,,,,,,,,,14,689,644,,,,,,
10,314,6,705,216,,,,,,,15,493,427,,,,,,,,,,,,,,,,14,689,644,,,,,,
11,346.4,6,705,216,,,,,,,15,493,427,,,,,,,,,,,,,,,,14,689,644,,,,,,
12,398.8,,,,,,,,,,15,493,426,,,,,,,,,,,,,,,,14,688,644,,,,,,
13,416.3,,,,,,,,,,15,494,427,,,,,,,,,,,,,,,,14,688,645,,,,,,
14,446.3,,,,,,,,,,15,494,426,,,,,,,,,,,,,,,,14,688,645,,,,,,
15,482.2,,,,,,,,,,14,495,426,,,,,,,,,,,,,,,,14,688,645,,,,,,
16,514.7,6,711,218,,,,,,,15,496,425,,,,,,,,,,,,,,,,14,688,645,,,,,,
17,547.4,6,712,218,,,,,,,15,497,424,,,,,,,,,,,,,,,,14,688,646,,,,,,
18,582.7,6,715,219,,,,,,,15,499,425,,,,,,,,,,,,,,,,14,689,646,,,,,,
19,614.2,6,717,220,,,,,,,15,500,424,,,,,,,,,,,,,,,,14,689,647,,,,,,
20,646.4,6,718,219,,,,,,,15,500,423,,,,,,,,,,,,,,,,14,688,647,,,,,,
21,682.1,5,721,220,,,,,,,15,500,422,,,,,,,,,,,,,,,,14,688,647,,,,,,
22,714.7,,,,,,,,,,15,502,421,,,,,,,,,,,,,,,,14,688,646,,,,,,
23,747,,,,,,,,,,15,503,419,,,,,,,,,,,,,,,,14,688,646,,,,,,
24,782.9,,,,,,,,,,15,504,418,,,,,,,,,,,,,,,,14,687,646,,,,,,
25,818.9,,,,,,,,,,15,505,418,,,,,,,,,,,,,,,,14,687,646,,,,,,
26,854.3,,,,,,,,,,15,505,417,,,,,,,,,,,,,,,,14,687,646,,,,,,
27,882.2,,,,,,,,,,15,505,417,,,,,,,,,,,,,,,,14,687,646,,,,,,
28,914,,,,,,,,,,15,505,417,,,,,,,,,,,,,,,,14,687,646,,,,,,
29,950.9,,,,,,,,,,15,505,417,,,,,,,,,,,,,,,,14,687,646,,,,,,
30,982,,,,,,,,,,15,504,416,,,,,,,,,,,,,,,,14,686,646,,,,,,
31,1014.7,,,,,,,,,,15,504,417,,,,,,,,,,,,,,,,14,686,646,,,,,,
32,1046.2,,,,,,,,,,15,504,416,,,,,,,,,,,,,,,,14,686,645,,,,,,
33,1082.2,6,729,219,,,,,,,15,504,416,,,,,,,,,,,,,,,,14,686,645,,,,,,
34,1114.3,9,728,222,,,,,,,15,504,416,,,,,,,,,,,,,,,,14,685,645,,,,,,
35,1146.3,9,733,222,,,,,,,14,504,415,,,,,,,,,,,,,,,,14,684,646,,,,,,
36,1183,9,739,224,,,,,,,14,507,412,,,,,,,,,,,,,,,,14,683,646,,,,,,
37,1214.2,7,744,225,,,,,,,15,509,409,,,,,,,,,,,,,,,,14,681,646,,,,,,
38,1246.2,8,749,226,,,,,,,15,511,405,,,,,,,,,,,,,,,,14,678,645,,,,,,
39,1282.2,7,753,225,,,,,,,15,512,399,,,,,,,,,,,,,,,,14,675,644,,,,,,
40,1314.1,6,756,225,,,,,,,15,514,396,,,,,,,,,,,,,,,,14,671,642,,,,,,
41,1349.2,7,759,228,,,,,,,15,512,392,,,,,,,,,,,,,,,,14,667,642,,,,,,
42,1382,7,760,228,,,,,,,15,512,389,,,,,,,,,,,,,,,,14,663,641,,,,,,
43,1414,7,760,228,,,,,,,15,511,387,,,,,,,,,,,,,,,,14,659,640,,,,,,
44,1446.4,7,760,230,,,,,,,15,509,385,,,,,,,,,,,,,,,,14,654,640,,,,,,
45,1484.6,6,759,232,,,,,,,15,508,385,,,,,,,,,,,,,,,,14,650,641,,,,,,
46,1514.1,6,758,236,,,,,,,15,506,386,,,,,,,,,,,,,,,,14,646,642,,,,,,
47,1546.3,7,756,239,,,,,,,15,504,388,,,,,,,,,,,,,,,,14,642,645,,,,,,
48,1581.8,5,756,243,,,,,,,15,502,390,,,,,,,,,,,,,,,,14,639,648,,,,,,
49,1614.8,5,755,248,,,,,,,15,500,394,,,,,,,,,,,,,,,,14,636,652,,,,,,
50,1646.5,6,752,253,,,,,,,14,498,398,,,,,,,,,,,,,,,,14,634,656,,,,,,
51,1682.4,6,749,257,,,,,,,15,496,403,,,,,,,,,,,,,,,,14,631,660,,,,,,
52,1717.2,6,747,260,,,,,,,15,494,406,,,,,,,,,,,,,,,,14,629,664,,,,,,
53,1746.2,6,744,262,,,,,,,15,491,408,,,,,,,,,,,,,,,,14,627,667,,,,,,
54,1783,5,742,265,,,,,,,15,489,409,,,,,,,,,,,,,,,,14,623,668,,,,,,
55,1814.1,5,741,267,,,,,,,15,487,411,,,,,,,,,,,,,,,,14,622,670,,,,,,
56,1846.2,5,738,267,,,,,,,15,486,413,,,,,,,,,,,,,,,,14,620,671,,,,,,
57,1882.1,5,734,268,,,,,,,15,485,417,,,,,,,,,,,,,,,,13,621,673,,,,,,
58,1914,5,728,268,,,,,,,14,481,422,,,,,,,,,,,,,,,,13,624,675,,,,,,
59,1946.3,6,717,266,,,,,,,15,477,431,,,,,,,,,,,,,,,,13,631,678,,,,,,
60,1982.5,8,702,262,,,,,,,14,474,445,,,,,,,,,,,,,,,,13,643,680,,,,,,
61,2014.2,12,675,259,,,,,,,14,472,469,,,,,,,,,,,,,,,,14,667,679,,,,,,
62,2046.5,12,625,254,,,,,,,15,477,503,,,,,,,,,,,,,,,,15,715,666,,,,,,
63,2090.1,12,570,261,,,,,,,15,500,541,,,,,,,,,,,,,,,,16,779,628,,,,,,
64,2114.4,12,526,285,,,,,,,15,540,573,,,,,,,,,,,,,,,,16,835,570,,,,,,
65,2146.4,12,497,321,,,,,,,15,594,591,,,,,,,,,,,,,,,,15,879,495,,,,,,
66,2182.2,12,486,364,,,,,,,15,658,592,,,,,,,,,,,,,,,,16,903,411,,,,,,
67,2214.4,12,492,408,,,,,,,16,726,574,,,,,,,,,,,,,,,,17,906,323,,,,,,
68,2246.1,13,517,448,,,,,,,17,793,537,,,,,,,,,,,,,,,,16,887,241,,,,,,
69,2283,12,557,480,,,,,,,17,851,479,,,,,,,,,,,,,,,,14,851,170,,,,,,
70,2314,12,611,500,,,,,,,17,897,407,,,,,,,,,,,,,,,,15,799,118,,,,,,
71,2346.2,12,675,503,,,,,,,16,925,325,,,,,,,,,,,,,,,,,,,,,,,,
72,2385.4,11,744,487,,,,,,,16,931,237,,,,,,,,,,,,,,,,14,682,63,,,,,,
73,2414.1,11,813,450,,,,,,,16,915,154,,,,,,,,,,,,,,,,10,624,70,,,,,,
74,2446.5,11,876,395,,,,,,,14,882,83,,,,,,,,,,,,,,,,15,584,90,,,,,,
75,2482.9,11,924,322,,,,,,,,,,,,,,,,,,,,,,,,,15,553,123,,,,,,
76,2514,11,954,238,,,,,,,,,,,,,,,,,,,,,,,,,15,539,164,,,,,,
77,2546.1,11,967,166,,,,,,,,,,,,,,,,,,,,,,,,,14,545,202,,,,,,
78,2585.5,12,976,141,,,,,,,,,,,,,,,,,,,,,,,,,14,560,221,,,,,,
79,2614.6,12,974,152,,,,,,,,,,,,,,,,,,,,,,,,,15,558,235,,,,,,
80,2646.3,12,970,168,,,,,,,14,728,3,,,,,,,,,,,,,,,,14,554,246,,,,,,
81,2685.5,11,965,192,,,,,,,16,728,14,,,,,,,,,,,,,,,,14,547,255,,,,,,
82,2714.4,12,961,221,,,,,,,15,735,32,,,,,,,,,,,,,,,,14,541,263,,,,,,
83,2746.4,11,958,251,,,,,,,14,739,55,,,,,,,,,,,,,,,,15,537,275,,,,,,
84,2782.7,12,959,284,,,,,,,14,746,83,,,,,,,,,,,,,,,,14,538,298,,,,,,
85,2814.4,12,963,324,,,,,,,15,754,120,,,,,,,,,,,,,,,,14,542,329,,,,,,
86,2846.4,12,964,358,,,,,,,13,765,137,,,,,,,,,,,,,,,,14,543,342,,,,,,
87,2882,12,963,386,,,,,,,,,,,,,,,,,,,,,,,,,14,545,342,,,,,,
88,2913.9,12,960,409,,,,,,,,,,,,,,,,,,,,,,,,,14,546,342,,,,,,
89,2946.2,12,955,433,,,,,,,,,,,,,,,,,,,,,,,,,15,545,347,,,,,,
90,2983.8,13,950,460,,,,,,,,,,,,,,,,,,,,,,,,,15,546,349,,,,,,
91,3014.2,12,946,479,,,,,,,,,,,,,,,,,,,,,,,,,15,548,349,,,,,,
92,3046.5,12,943,490,,,,,,,,,,,,,,,,,,,,,,,,,15,549,351,,,,,,
93,3082,12,941,491,,,,,,,,,,,,,,,,,,,,,,,,,14,546,353,,,,,,
94,3114.6,13,938,494,,,,,,,,,,,,,,,,,,,,,,,,,15,540,363,,,,,,
95,3146.3,13,936,494,,,,,,,,,,,,,,,,,,,,,,,,,15,533,377,,,,,,
96,3183.5,13,933,490,,,,,,,,,,,,,,,,,,,,,,,,,14,525,395,,,,,,
97,3217,14,930,479,,,,,,,,,,,,,,,,,,,,,,,,,14,514,418,,,,,,
98,3254.9,12,921,454,,,,,,,,,,,,,,,,,,,,,,,,,15,502,447,,,,,,
99,3283.3,12,911,417,,,,,,,14,665,245,,,,,,,,,,,,,,,,15,496,477,,,,,,
100,3314,13,896,377,,,,,,,16,625,248,,,,,,,,,,,,,,,,14,497,510,,,,,,
101,3346.6,12,873,338,,,,,,,16,584,261,,,,,,,,,,,,,,,,15,504,541,,,,,,
102,3382.2,12,844,303,,,,,,,16,548,281,,,,,,,,,,,,,,,,15,518,569,,,,,,
103,3414.1,12,810,273,,,,,,,16,516,304,,,,,,,,,,,,,,,,15,537,593,,,,,,
104,3446.9,12,771,249,,,,,,,15,490,332,,,,,,,,,,,,,,,,15,559,612,,,,,,
105,3482,12,730,231,,,,,,,15,469,363,,,,,,,,,,,,,,,,15,587,626,,,,,,
106,3514.1,12,686,220,,,,,,,15,453,395,,,,,,,,,,,,,,,,15,615,634,,,,,,
107,3546.2,12,643,215,,,,,,,15,445,428,,,,,,,,,,,,,,,,15,647,637,,,,,,
108,3582,12,600,218,,,,,,,15,442,462,,,,,,,,,,,,,,,,15,678,632,,,,,,
109,3614.1,12,558,227,,,,,,,14,446,493,,,,,,,,,,,,,,,,15,709,620,,,,,,
110,3646.2,12,519,242,,,,,,,15,455,524,,,,,,,,,,,,,,,,15,738,603,,,,,,
111,3682.1,13,484,262,,,,,,,15,470,550,,,,,,,,,,,,,,,,15,763,578,,,,,,
112,3714.4,13,454,287,,,,,,,15,490,573,,,,,,,,,,,,,,,,15,784,549,,,,,,
113,3746.6,12,429,316,,,,,,,15,514,591,,,,,,,,,,,,,,,,16,798,515,,,,,,
114,3782,12,410,347,,,,,,,15,542,604,,,,,,,,,,,,,,,,15,809,476,,,,,,
115,3814.2,12,398,381,,,,,,,15,571,611,,,,,,,,,,,,,,,,16,812,436,,,,,,
116,3846.4,12,391,415,,,,,,,15,602,612,,,,,,,,,,,,,,,,15,809,395,,,,,,
117,3882.1,12,391,449,,,,,,,15,633,605,,,,,,,,,,,,,,,,16,798,355,,,,,,
118,3914.6,13,397,481,,,,,,,15,664,593,,,,,,,,,,,,,,,,16,781,316,,,,,,
119,3946.3,12,409,510,,,,,,,15,691,574,,,,,,,,,,,,,,,,15,758,281,,,,,,
120,3981.9,12,426,537,,,,,,,15,715,549,,,,,,,,,,,,,,,,15,729,249,,,,,,
121,4015.1,12,448,559,,,,,,,15,737,520,,,,,,,,,,,,,,,,14,695,222,,,,,,
122,4046.4,12,473,576,,,,,,,15,753,486,,,,,,,,,,,,,,,,15,657,201,,,,,,
123,4081.9,12,502,588,,,,,,,15,762,449,,,,,,,,,,,,,,,,14,618,187,,,,,,
124,4113.9,12,533,594,,,,,,,16,766,409,,,,,,,,,,,,,,,,15,576,178,,,,,,
125,4146.1,12,565,593,,,,,,,16,762,369,,,,,,,,,,,,,,,,15,535,176,,,,,,
126,4181.9,12,597,585,,,,,,,15,752,328,,,,,,,,,,,,,,,,14,495,181,,,,,,
127,4214.5,12,628,572,,,,,,,15,735,292,,,,,,,,,,,,,,,,14,456,191,,,,,,
128,4246.5,12,657,552,,,,,,,15,712,255,,,,,,,,,,,,,,,,14,421,208,,,,,,
129,4282,12,682,527,,,,,,,15,683,225,,,,,,,,,,,,,,,,14,390,229,,,,,,
130,4314,12,703,496,,,,,,,16,650,199,,,,,,,,,,,,,,,,14,364,255,,,,,,
131,4346.4,12,718,461,,,,,,,16,614,178,,,,,,,,,,,,,,,,15,342,284,,,,,,
132,4382,12,728,424,,,,,,,15,576,163,,,,,,,,,,,,,,,,15,327,317,,,,,,
133,4414.1,12,731,383,,,,,,,15,536,155,,,,,,,,,,,,,,,,15,317,349,,,,,,
134,4448.5,12,728,343,,,,,,,16,495,154,,,,,,,,,,,,,,,,15,314,382,,,,,,
135,4482.3,12,718,303,,,,,,,15,456,159,,,,,,,,,,,,,,,,15,316,415,,,,,,
136,4518.6,12,701,265,,,,,,,15,420,171,,,,,,,,,,,,,,,,15,325,447,,,,,,
137,4549.1,12,678,230,,,,,,,16,384,186,,,,,,,,,,,,,,,,15,339,475,,,,,,
138,4582,12,650,198,,,,,,,16,354,206,,,,,,,,,,,,,,,,15,359,500,,,,,,
139,4616.2,12,618,172,,,,,,,15,329,233,,,,,,,,,,,,,,,,15,383,521,,,,,,
140,4646.4,12,581,152,,,,,,,15,310,263,,,,,,,,,,,,,,,,15,410,537,,,,,,
141,4682.4,12,543,137,,,,,,,15,295,294,,,,,,,,,,,,,,,,15,440,548,,,,,,
142,4714.3,12,503,129,,,,,,,15,287,326,,,,,,,,,,,,,,,,15,473,552,,,,,,
143,4746.2,12,463,128,,,,,,,15,285,360,,,,,,,,,,,,,,,,14,506,551,,,,,,
144,4782.1,13,424,134,,,,,,,15,288,391,,,,,,,,,,,,,,,,15,539,543,,,,,,
145,4814.2,13,387,145,,,,,,,15,298,422,,,,,,,,,,,,,,,,14,571,529,,,,,,
146,4846.2,12,354,161,,,,,,,15,312,451,,,,,,,,,,,,,,,,15,600,509,,,,,,
147,4882.1,12,325,184,,,,,,,15,331,477,,,,,,,,,,,,,,,,15,626,482,,,,,,
148,4913.9,13,300,209,,,,,,,15,357,495,,,,,,,,,,,,,,,,15,646,452,,,,,,
149,4946.2,13,280,238,,,,,,,15,384,512,,,,,,,,,,,,,,,,16,663,418,,,,,,
150,4982,13,266,271,,,,,,,15,414,522,,,,,,,,,,,,,,,,16,672,379,,,,,,
151,5014.5,13,259,304,,,,,,,15,447,527,,,,,,,,,,,,,,,,16,676,339,,,,,,
152,5046.2,12,257,338,,,,,,,15,480,526,,,,,,,,,,,,,,,,16,674,299,,,,,,
153,5082,13,262,371,,,,,,,15,512,518,,,,,,,,,,,,,,,,15,666,260,,,,,,
154,5114.4,12,272,401,,,,,,,15,544,503,,,,,,,,,,,,,,,,15,650,222,,,,,,
155,5146.2,13,288,430,,,,,,,15,574,486,,,,,,,,,,,,,,,,15,630,187,,,,,,
156,5182,13,309,456,,,,,,,15,600,460,,,,,,,,,,,,,,,,15,603,156,,,,,,
157,5214.9,13,334,477,,,,,,,15,622,430,,,,,,,,,,,,,,,,16,572,131,,,,,,
158,5246.3,12,362,493,,,,,,,15,639,396,,,,,,,,,,,,,,,,16,538,111,,,,,,
159,5282.4,12,394,504,,,,,,,15,651,360,,,,,,,,,,,,,,,,15,501,97,,,,,,
160,5314,12,428,509,,,,,,,15,657,321,,,,,,,,,,,,,,,,15,465,88,,,,,,
161,5346.4,12,462,508,,,,,,,15,656,281,,,,,,,,,,,,,,,,15,427,87,,,,,,
162,5382.1,12,495,501,,,,,,,15,649,242,,,,,,,,,,,,,,,,15,391,92,,,,,,
163,5414.4,12,528,487,,,,,,,15,634,205,,,,,,,,,,,,,,,,15,356,102,,,,,,
164,5446,12,559,468,,,,,,,15,616,170,,,,,,,,,,,,,,,,15,324,118,,,,,,
165,5481.9,12,587,444,,,,,,,16,591,140,,,,,,,,,,,,,,,,15,297,139,,,,,,
166,5514.9,12,610,414,,,,,,,15,562,113,,,,,,,,,,,,,,,,15,272,163,,,,,,
167,5546.2,12,629,380,,,,,,,16,530,92,,,,,,,,,,,,,,,,15,254,192,,,,,,
168,5586.9,12,642,344,,,,,,,15,496,77,,,,,,,,,,,,,,,,14,241,223,,,,,,
169,5614,12,649,305,,,,,,,15,459,69,,,,,,,,,,,,,,,,14,234,255,,,,,,
170,5646.3,12,650,265,,,,,,,15,423,65,,,,,,,,,,,,,,,,15,233,289,,,,,,
171,5686.3,12,644,225,,,,,,,15,388,68,,,,,,,,,,,,,,,,15,236,321,,,,,,
172,5714.4,12,632,187,,,,,,,16,354,78,,,,,,,,,,,,,,,,15,247,352,,,,,,
173,5746.2,12,615,151,,,,,,,15,323,92,,,,,,,,,,,,,,,,15,263,381,,,,,,
174,5782,12,592,119,,,,,,,15,295,112,,,,,,,,,,,,,,,,15,284,407,,,,,,
175,5814.3,13,564,92,,,,,,,15,272,136,,,,,,,,,,,,,,,,15,309,429,,,,,,
176,5846.2,12,533,70,,,,,,,15,253,163,,,,,,,,,,,,,,,,15,338,447,,,,,,
177,5882.1,12,499,54,,,,,,,15,241,193,,,,,,,,,,,,,,,,15,370,459,,,,,,
178,5914.4,12,464,43,,,,,,,15,233,224,,,,,,,,,,,,,,,,15,404,466,,,,,,
179,5947.6,12,428,39,,,,,,,15,232,257,,,,,,,,,,,,,,,,15,440,467,,,,,,
180,5983,12,393,42,,,,,,,15,235,289,,,,,,,,,,,,,,,,16,477,463,,,,,,
181,6018.9,12,359,50,,,,,,,15,246,320,,,,,,,,,,,,,,,,15,510,452,,,,,,
182,6046.5,13,328,64,,,,,,,16,261,350,,,,,,,,,,,,,,,,15,542,434,,,,,,
183,6082,13,300,82,,,,,,,15,280,378,,,,,,,,,,,,,,,,16,573,412,,,,,,
184,6114.1,13,276,106,,,,,,,15,304,401,,,,,,,,,,,,,,,,15,599,385,,,,,,
185,6148,13,257,133,,,,,,,15,333,418,,,,,,,,,,,,,,,,16,622,352,,,,,,
186,6182.1,12,243,163,,,,,,,15,365,432,,,,,,,,,,,,,,,,16,638,317,,,,,,
187,6214.7,13,235,195,,,,,,,16,399,440,,,,,,,,,,,,,,,,15,650,279,,,,,,
188,6246.2,13,233,228,,,,,,,15,434,443,,,,,,,,,,,,,,,,15,654,240,,,,,,
189,6282,13,236,260,,,,,,,15,470,440,,,,,,,,,,,,,,,,15,653,200,,,,,,
190,6314,13,246,291,,,,,,,15,504,430,,,,,,,,,,,,,,,,15,646,161,,,,,,
191,6346.1,13,261,322,,,,,,,15,539,415,,,,,,,,,,,,,,,,16,633,125,,,,,,
192,6382,13,281,350,,,,,,,15,569,394,,,,,,,,,,,,,,,,15,615,92,,,,,,
193,6414,13,305,374,,,,,,,15,599,370,,,,,,,,,,,,,,,,16,592,63,,,,,,
194,6446.3,13,334,394,,,,,,,15,622,339,,,,,,,,,,,,,,,,16,564,39,,,,,,
195,6482,12,365,409,,,,,,,15,642,305,,,,,,,,,,,,,,,,15,535,20,,,,,,
196,6514.2,12,400,420,,,,,,,15,656,268,,,,,,,,,,,,,,,,15,502,7,,,,,,
197,6546.1,12,436,424,,,,,,,15,664,230,,,,,,,,,,,,,,,,14,470,1,,,,,,
198,6581.9,12,473,423,,,,,,,15,667,192,,,,,,,,,,,,,,,,13,437,2,,,,,,
199,6614,12,509,415,,,,,,,15,663,153,,,,,,,,,,,,,,,,15,405,5,,,,,,
200,6646.1,12,545,402,,,,,,,15,654,115,,,,,,,,,,,,,,,,16,375,12,,,,,,
201,6681.9,12,578,383,,,,,,,15,639,81,,,,,,,,,,,,,,,,15,346,29,,,,,,
202,6718.9,12,608,359,,,,,,,16,618,52,,,,,,,,,,,,,,,,15,322,48,,,,,,
203,6751.1,12,636,330,,,,,,,16,593,26,,,,,,,,,,,,,,,,15,302,72,,,,,,
204,6782,12,658,297,,,,,,,15,567,5,,,,,,,,,,,,,,,,15,287,100,,,,,,
205,6815.3,12,676,261,,,,,,,8,537,0,,,,,,,,,,,,,,,,15,277,130,,,,,,
206,6846.1,12,686,222,,,,,,,,,,,,,,,,,,,,,,,,,15,272,159,,,,,,
207,6882.3,11,692,183,,,,,,,,,,,,,,,,,,,,,,,,,14,273,192,,,,,,
208,6915,13,693,144,,,,,,,,,,,,,,,,,,,,,,,,,15,279,225,,,,,,
209,6946.1,12,686,106,,,,,,,,,,,,,,,,,,,,,,,,,15,291,256,,,,,,
210,6981.9,12,674,71,,,,,,,14,383,1,,,,,,,,,,,,,,,,15,309,286,,,,,,
211,7016.4,12,657,38,,,,,,,16,359,15,,,,,,,,,,,,,,,,16,331,312,,,,,,
212,7046.7,13,635,10,,,,,,,15,338,38,,,,,,,,,,,,,,,,16,358,334,,,,,,
213,7086.7,,,,,,,,,,15,322,63,,,,,,,,,,,,,,,,15,388,354,,,,,,
214,7114.1,,,,,,,,,,15,311,92,,,,,,,,,,,,,,,,15,421,368,,,,,,
215,7146.2,,,,,,,,,,15,304,122,,,,,,,,,,,,,,,,15,457,377,,,,,,
216,7182,,,,,,,,,,15,304,153,,,,,,,,,,,,,,,,15,494,380,,,,,,
217,7215,,,,,,,,,,15,308,185,,,,,,,,,,,,,,,,15,533,378,,,,,,
218,7246.1,,,,,,,,,,15,319,216,,,,,,,,,,,,,,,,15,571,369,,,,,,
219,7282.2,,,,,,,,,,15,333,246,,,,,,,,,,,,,,,,15,608,355,,,,,,
220,7314.9,,,,,,,,,,15,353,273,,,,,,,,,,,,,,,,15,641,336,,,,,,
221,7346.2,12,381,2,,,,,,,15,378,298,,,,,,,,,,,,,,,,16,673,311,,,,,,
222,7382.3,12,363,25,,,,,,,16,407,320,,,,,,,,,,,,,,,,16,701,282,,,,,,
223,7414.4,12,349,52,,,,,,,15,439,335,,,,,,,,,,,,,,,,15,725,249,,,,,,
224,7446.3,13,342,82,,,,,,,16,474,347,,,,,,,,,,,,,,,,14,744,214,,,,,,
225,7482.1,13,338,114,,,,,,,16,511,353,,,,,,,,,,,,,,,,15,757,175,,,,,,
226,7514.1,13,341,146,,,,,,,15,549,353,,,,,,,,,,,,,,,,16,765,136,,,,,,
227,7546.5,12,349,178,,,,,,,15,587,348,,,,,,,,,,,,,,,,16,766,98,,,,,,
228,7582.5,12,363,208,,,,,,,16,625,338,,,,,,,,,,,,,,,,15,760,61,,,,,,
229,7614.2,12,381,237,,,,,,,16,662,322,,,,,,,,,,,,,,,,15,751,26,,,,,,
230,7646.2,13,405,264,,,,,,,16,696,300,,,,,,,,,,,,,,,,13,738,1,,,,,,
231,7682,13,432,287,,,,,,,16,726,273,,,,,,,,,,,,,,,,,,,,,,,,
232,7714.5,12,464,306,,,,,,,16,754,244,,,,,,,,,,,,,,,,,,,,,,,,
233,7749.3,12,498,321,,,,,,,15,776,210,,,,,,,,,,,,,,,,,,,,,,,,
234,7784,12,535,331,,,,,,,15,793,174,,,,,,,,,,,,,,,,,,,,,,,,
235,7814,12,573,335,,,,,,,15,806,137,,,,,,,,,,,,,,,,,,,,,,,,
236,7847.3,12,612,333,,,,,,,15,812,100,,,,,,,,,,,,,,,,,,,,,,,,
237,7882.2,12,652,326,,,,,,,14,814,65,,,,,,,,,,,,,,,,,,,,,,,,
238,7914.1,12,691,313,,,,,,,13,807,22,,,,,,,,,,,,,,,,,,,,,,,,
239,7946.3,12,728,294,,,,,,,,,,,,,,,,,,,,,,,,,,,,,,,,,
240,7982,12,762,271,,,,,,,,,,,,,,,,,,,,,,,,,,,,,,,,,
241,8014.3,12,793,242,,,,,,,,,,,,,,,,,,,,,,,,,,,,,,,,,
242,8046.2,12,818,213,,,,,,,,,,,,,,,,,,,,,,,,,14,455,2,,,,,,
243,8082.9,11,817,222,,,,,,,,,,,,,,,,,,,,,,,,,15,450,7,,,,,,
244,8114,8,818,233,,,,,,,,,,,,,,,,,,,,,,,,,15,445,25,,,,,,
245,8146.2,7,829,241,,,,,,,,,,,,,,,,,,,,,,,,,16,447,49,,,,,,
246,8182.7,,,,,,,,,,,,,,,,,,,,,,,,,,,,15,456,69,,,,,,
247,8214.2,,,,,,,,,,,,,,,,,,,,,,,,,,,,15,467,94,,,,,,
248,8245.9,,,,,,,,,,15,750,2,,,,,,,,,,,,,,,,15,477,125,,,,,,
249,8282,,,,,,,,,,15,755,26,,,,,,,,,,,,,,,,15,488,160,,,,,,
250,8314.2,,,,,,,,,,14,765,53,,,,,,,,,,,,,,,,14,505,198,,,,,,
251,8346.4,12,930,327,,,,,,,15,777,75,,,,,,,,,,,,,,,,14,522,233,,,,,,
252,8384.9,12,953,346,,,,,,,15,790,103,,,,,,,,,,,,,,,,14,541,270,,,,,,
253,8414.9,11,971,363,,,,,,,14,793,134,,,,,,,,,,,,,,,,15,556,314,,,,,,
254,8446.1,11,984,369,,,,,,,15,776,158,,,,,,,,,,,,,,,,14,563,361,,,,,,
255,8482.1,,,,,,,,,,15,752,182,,,,,,,,,,,,,,,,15,563,408,,,,,,
256,8514.4,,,,,,,,,,15,735,195,,,,,,,,,,,,,,,,14,563,437,,,,,,
257,8550.9,,,,,,,,,,16,717,205,,,,,,,,,,,,,,,,14,567,459,,,,,,
258,8582,,,,,,,,,,15,695,214,,,,,,,,,,,,,,,,14,572,482,,,,,,
259,8614.2,,,,,,,,,,15,668,228,,,,,,,,,,,,,,,,14,580,507,,,,,,
260,8646.1,,,,,,,,,,16,639,246,,,,,,,,,,,,,,,,15,591,533,,,,,,
261,8682.3,,,,,,,,,,16,611,269,,,,,,,,,,,,,,,,15,606,558,,,,,,
262,8714.3,,,,,,,,,,16,584,294,,,,,,,,,,,,,,,,15,623,581,,,,,,
263,8746,,,,,,,,,,15,565,327,,,,,,,,,,,,,,,,15,646,603,,,,,,
264,8781.9,9,809,220,,,,,,,15,550,363,,,,,,,,,,,,,,,,15,677,621,,,,,,
265,8814.2,13,773,219,,,,,,,15,543,401,,,,,,,,,,,,,,,,15,710,634,,,,,,
266,8846.4,12,737,222,,,,,,,15,540,438,,,,,,,,,,,,,,,,15,745,642,,,,,,
267,8881.8,12,700,231,,,,,,,15,543,476,,,,,,,,,,,,,,,,15,781,643,,,,,,
268,8913.9,12,665,246,,,,,,,14,551,513,,,,,,,,,,,,,,,,15,817,639,,,,,,
269,8946.2,12,633,267,,,,,,,15,565,547,,,,,,,,,,,,,,,,15,849,628,,,,,,
270,8982.3,12,605,293,,,,,,,15,584,579,,,,,,,,,,,,,,,,15,879,612,,,,,,
271,9014.1,12,580,323,,,,,,,15,607,608,,,,,,,,,,,,,,,,15,906,591,,,,,,
272,9046.3,12,560,356,,,,,,,15,635,633,,,,,,,,,,,,,,,,15,926,565,,,,,,
273,9082,13,546,392,,,,,,,16,666,652,,,,,,,,,,,,,,,,15,943,537,,,,,,
274,9114.2,12,537,430,,,,,,,16,699,666,,,,,,,,,,,,,,,,15,954,505,,,,,,
275,9146.1,12,534,468,,,,,,,16,734,674,,,,,,,,,,,,,,,,15,957,471,,,,,,
276,9181.9,12,537,507,,,,,,,16,770,677,,,,,,,,,,,,,,,,16,955,440,,,,,,
277,9214.5,12,546,544,,,,,,,16,805,674,,,,,,,,,,,,,,,,16,946,409,,,,,,
278,9246.3,13,560,579,,,,,,,15,838,665,,,,,,,,,,,,,,,,15,931,380,,,,,,
279,9282.1,12,578,612,,,,,,,15,869,650,,,,,,,,,,,,,,,,16,911,354,,,,,,
280,9314,13,601,641,,,,,,,15,897,632,,,,,,,,,,,,,,,,16,886,333,,,,,,
281,9350.9,12,629,667,,,,,,,15,920,608,,,,,,,,,,,,,,,,15,857,316,,,,,,
282,9382,12,660,688,,,,,,,15,939,581,,,,,,,,,,,,,,,,15,826,305,,,,,,
283,9414.2,12,694,704,,,,,,,15,952,551,,,,,,,,,,,,,,,,15,793,300,,,,,,
284,9446.3,12,730,714,,,,,,,15,959,520,,,,,,,,,,,,,,,,15,758,301,,,,,,
285,9482,12,766,719,,,,,,,15,960,488,,,,,,,,,,,,,,,,15,723,307,,,,,,
286,9514.1,12,803,718,,,,,,,15,953,457,,,,,,,,,,,,,,,,14,690,319,,,,,,
287,9546.1,12,838,710,,,,,,,15,941,428,,,,,,,,,,,,,,,,15,659,337,,,,,,
288,9582,12,871,697,,,,,,,15,923,402,,,,,,,,,,,,,,,,15,630,359,,,,,,
289,9614.1,12,901,679,,,,,,,15,901,379,,,,,,,,,,,,,,,,14,606,386,,,,,,
290,9646.9,12,926,657,,,,,,,16,875,361,,,,,,,,,,,,,,,,15,585,417,,,,,,
291,9682,12,947,630,,,,,,,16,845,349,,,,,,,,,,,,,,,,14,570,450,,,,,,
292,9714.2,12,963,601,,,,,,,16,814,341,,,,,,,,,,,,,,,,14,560,486,,,,,,
293,9747.9,12,972,570,,,,,,,16,780,339,,,,,,,,,,,,,,,,14,554,524,,,,,,
294,9781.8,12,975,538,,,,,,,16,747,344,,,,,,,,,,,,,,,,15,554,561,,,,,,
295,9814,12,972,506,,,,,,,16,714,354,,,,,,,,,,,,,,,,15,561,598,,,,,,
296,9846.2,13,964,477,,,,,,,16,683,370,,,,,,,,,,,,,,,,15,572,634,,,,,,
297,9882,12,948,449,,,,,,,16,655,390,,,,,,,,,,,,,,,,15,589,668,,,,,,
298,9914.1,12,927,424,,,,,,,15,630,414,,,,,,,,,,,,,,,,15,611,699,,,,,,
299,9946,13,903,404,,,,,,,14,609,444,,,,,,,,,,,,,,,,15,637,728,,,,,,
300,9981.9,12,875,389,,,,,,,14,592,475,,,,,,,,,,,,,,,,15,667,752,,,,,,
301,10014.1,13,845,380,,,,,,,15,581,510,,,,,,,,,,,,,,,,15,700,771,,,,,,
302,10046.1,12,812,375,,,,,,,15,575,546,,,,,,,,,,,,,,,,15,735,786,,,,,,
303,10082,12,779,378,,,,,,,15,574,583,,,,,,,,,,,,,,,,15,773,795,,,,,,
304,10114,12,747,385,,,,,,,15,579,620,,,,,,,,,,,,,,,,15,810,798,,,,,,
305,10146.2,13,715,398,,,,,,,15,589,655,,,,,,,,,,,,,,,,15,848,796,,,,,,
306,10182.2,12,686,417,,,,,,,15,603,691,,,,,,,,,,,,,,,,15,884,788,,,,,,
307,10214.3,12,660,440,,,,,,,15,624,723,,,,,,,,,,,,,,,,15,918,774,,,,,,
308,10246.3,12,638,467,,,,,,,15,648,753,,,,,,,,,,,,,,,,15,947,756,,,,,,
309,10283.3,12,620,499,,,,,,,16,677,780,,,,,,,,,,,,,,,,15,974,732,,,,,,
310,10313.9,12,607,532,,,,,,,15,709,801,,,,,,,,,,,,,,,,15,994,706,,,,,,
311,10346.5,12,599,567,,,,,,,15,744,818,,,,,,,,,,,,,,,,15,1010,677,,,,,,
312,10382.1,12,596,605,,,,,,,15,781,829,,,,,,,,,,,,,,,,15,1019,646,,,,,,
313,10416.6,12,599,643,,,,,,,15,820,835,,,,,,,,,,,,,,,,15,1023,614,,,,,,
314,10450.9,12,608,680,,,,,,,16,857,835,,,,,,,,,,,,,,,,15,1021,583,,,,,,
315,10486.9,13,622,716,,,,,,,16,894,830,,,,,,,,,,,,,,,,16,1013,554,,,,,,
316,10519.1,13,642,751,,,,,,,15,928,818,,,,,,,,,,,,,,,,15,999,527,,,,,,
317,10546.1,12,664,781,,,,,,,16,960,802,,,,,,,,,,,,,,,,16,981,504,,,,,,
318,10582.1,12,692,810,,,,,,,16,988,782,,,,,,,,,,,,,,,,15,958,485,,,,,,
319,10615,12,724,834,,,,,,,15,1014,759,,,,,,,,,,,,,,,,15,932,471,,,,,,
320,10646.5,12,759,854,,,,,,,15,1032,731,,,,,,,,,,,,,,,,14,903,462,,,,,,
321,10682.1,12,797,868,,,,,,,15,1047,702,,,,,,,,,,,,,,,,15,873,459,,,,,,
322,10714.3,12,836,877,,,,,,,15,1056,671,,,,,,,,,,,,,,,,15,842,461,,,,,,
323,10746,12,875,880,,,,,,,16,1058,640,,,,,,,,,,,,,,,,15,812,468,,,,,,
324,10781.9,12,913,878,,,,,,,15,1054,611,,,,,,,,,,,,,,,,15,783,482,,,,,,
325,10815.2,12,951,869,,,,,,,15,1043,583,,,,,,,,,,,,,,,,15,756,500,,,,,,
326,10846.4,12,985,856,,,,,,,15,1029,558,,,,,,,,,,,,,,,,15,732,522,,,,,,
327,10882.1,12,1017,838,,,,,,,15,1010,537,,,,,,,,,,,,,,,,15,712,549,,,,,,
328,10914.1,12,1045,816,,,,,,,15,986,521,,,,,,,,,,,,,,,,14,696,579,,,,,,
329,10946.1,12,1067,789,,,,,,,16,961,509,,,,,,,,,,,,,,,,14,684,612,,,,,,
330,10982.4,13,1086,761,,,,,,,15,933,501,,,,,,,,,,,,,,,,14,677,647,,,,,,
331,11014.1,11,1096,730,,,,,,,16,903,499,,,,,,,,,,,,,,,,14,677,683,,,,,,
332,11046.1,11,1098,699,,,,,,,15,874,504,,,,,,,,,,,,,,,,14,681,720,,,,,,
333,11082.1,10,1098,668,,,,,,,16,845,514,,,,,,,,,,,,,,,,14,690,756,,,,,,
334,11113.9,12,1097,639,,,,,,,16,818,529,,,,,,,,,,,,,,,,14,704,792,,,,,,
335,11146.1,13,1088,612,,,,,,,15,793,547,,,,,,,,,,,,,,,,14,724,826,,,,,,
336,11182,12,1071,588,,,,,,,15,771,571,,,,,,,,,,,,,,,,15,748,859,,,,,,
337,11215,12,1052,568,,,,,,,15,753,599,,,,,,,,,,,,,,,,15,777,888,,,,,,
338,11246.1,12,1028,553,,,,,,,15,740,630,,,,,,,,,,,,,,,,15,810,913,,,,,,
339,11281.8,12,1002,542,,,,,,,15,731,663,,,,,,,,,,,,,,,,15,846,933,,,,,,
340,11314.3,12,974,537,,,,,,,15,728,699,,,,,,,,,,,,,,,,15,883,948,,,,,,
341,11346.3,12,944,537,,,,,,,15,729,734,,,,,,,,,,,,,,,,15,923,958,,,,,,
342,11382.2,12,916,543,,,,,,,15,736,771,,,,,,,,,,,,,,,,15,963,962,,,,,,
343,11414.1,13,888,554,,,,,,,15,747,807,,,,,,,,,,,,,,,,15,1002,961,,,,,,
344,11446,12,862,571,,,,,,,15,764,842,,,,,,,,,,,,,,,,15,1040,953,,,,,,
345,11482.7,12,838,592,,,,,,,15,786,876,,,,,,,,,,,,,,,,15,1076,941,,,,,,
346,11516.8,12,818,617,,,,,,,15,813,906,,,,,,,,,,,,,,,,8,1098,926,,,,,,
347,11546.2,12,802,646,,,,,,,15,842,934,,,,,,,,,,,,,,,,,,,,,,,,
348,11582.1,13,791,678,,,,,,,15,877,956,,,,,,,,,,,,,,,,,,,,,,,,
349,11614.5,12,784,712,,,,,,,15,913,974,,,,,,,,,,,,,,,,,,,,,,,,
350,11646.5,12,783,748,,,,,,,15,951,988,,,,,,,,,,,,,,,,,,,,,,,,
351,11682,12,787,785,,,,,,,15,991,995,,,,,,,,,,,,,,,,,,,,,,,,
352,11715.2,12,796,821,,,,,,,15,1031,998,,,,,,,,,,,,,,,,,,,,,,,,
353,11746.4,13,810,858,,,,,,,15,1069,994,,,,,,,,,,,,,,,,,,,,,,,,
354,11782.1,13,830,894,,,,,,,9,1098,988,,,,,,,,,,,,,,,,,,,,,,,,
355,11814,13,854,927,,,,,,,,,,,,,,,,,,,,,,,,,,,,,,,,,
356,11846.2,13,882,957,,,,,,,,,,,,,,,,,,,,,,,,,,,,,,,,,
357,11881.8,12,914,983,,,,,,,,,,,,,,,,,,,,,,,,,,,,,,,,,
358,11914.1,13,949,1004,,,,,,,,,,,,,,,,,,,,,,,,,,,,,,,,,
359,11946.2,13,986,1020,,,,,,,,,,,,,,,,,,,,,,,,,,,,,,,,,
360,11982,12,1026,1032,,,,,,,,,,,,,,,,,,,,,,,,,15,1089,620,,,,,,
361,12014.6,11,1066,1036,,,,,,,,,,,,,,,,,,,,,,,,,15,1063,622,,,,,,
362,12046.6,,,,,,,,,,,,,,,,,,,,,,,,,,,,15,1037,630,,,,,,
363,12085.9,,,,,,,,,,,,,,,,,,,,,,,,,,,,15,1012,644,,,,,,
364,12114.4,,,,,,,,,,,,,,,,,,,,,,,,,,,,15,990,662,,,,,,
365,12146.6,,,,,,,,,,,,,,,,,,,,,,,,,,,,15,970,684,,,,,,
366,12182,,,,,,,,,,,,,,,,,,,,,,,,,,,,15,954,709,,,,,,
367,12214.3,,,,,,,,,,,,,,,,,,,,,,,,,,,,15,940,730,,,,,,
368,12246.2,,,,,,,,,,,,,,,,,,,,,,,,,,,,15,928,735,,,,,,
369,12285.7,,,,,,,,,,,,,,,,,,,,,,,,,,,,16,914,727,,,,,,
370,12314.1,,,,,,,,,,,,,,,,,,,,,,,,,,,,16,900,708,,,,,,
371,12346.1,,,,,,,,,,,,,,,,,,,,,,,,,,,,16,879,685,,,,,,
372,12382,,,,,,,,,,,,,,,,,,,,,,,,,,,,16,853,659,,,,,,
373,12414.1,,,,,,,,,,10,1098,551,,,,,,,,,,,,,,,,16,821,634,,,,,,
374,12446.1,,,,,,,,,,16,1076,514,,,,,,,,,,,,,,,,16,789,599,,,,,,
375,12482,,,,,,,,,,15,1044,470,,,,,,,,,,,,,,,,16,757,556,,,,,,
376,12514.9,8,1097,713,,,,,,,12,1010,422,,,,,,,,,,,,,,,,17,722,507,,,,,,
377,12546.4,,,,,,,,,,,,,,,,,,,,,,,,,,,,16,690,457,,,,,,
378,12578.4,,,,,,,,,,12,935,315,,,,,,,,,,,,,,,,15,659,420,,,,,,
379,12614.3,,,,,,,,,,,,,,,,,,,,,,,,,,,,15,635,397,,,,,,
380,12647.4,,,,,,,,,,,,,,,,,,,,,,,,,,,,16,623,371,,,,,,
381,12678.5,,,,,,,,,,,,,,,,,,,,,,,,,,,,16,614,344,,,,,,
382,12714.1,,,,,,,,,,,,,,,,,,,,,,,,,,,,15,609,321,,,,,,
383,12746.7,,,,,,,,,,,,,,,,,,,,,,,,,,,,15,599,313,,,,,,
384,12778.4,,,,,,,,,,,,,,,,,,,,,,,,,,,,15,588,313,,,,,,
385,12814,,,,,,,,,,,,,,,,,,,,,,,,,,,,15,577,316,,,,,,
386,12846.4,,,,,,,,,,,,,,,,,,,,,,,,,,,,15,565,321,,,,,,
387,12878.4,,,,,,,,,,,,,,,,,,,,,,,,,,,,15,550,334,,,,,,
388,12914.3,,,,,,,,,,,,,,,,,,,,,,,,,,,,15,531,354,,,,,,
389,12947.2,,,,,,,,,,,,,,,,,,,,,,,,,,,,15,511,381,,,,,,
390,12978.9,,,,,,,,,,,,,,,,,,,,,,,,,,,,15,495,413,,,,,,
391,13014.4,13,885,546,,,,,,,,,,,,,,,,,,,,,,,,,15,482,445,,,,,,
392,13046.3,13,891,511,,,,,,,,,,,,,,,,,,,,,,,,,15,476,477,,,,,,
393,13078.2,13,893,469,,,,,,,,,,,,,,,,,,,,,,,,,14,476,509,,,,,,
394,13114.4,12,889,427,,,,,,,16,626,286,,,,,,,,,,,,,,,,14,485,540,,,,,,
395,13146.5,13,877,386,,,,,,,16,594,296,,,,,,,,,,,,,,,,14,499,570,,,,,,
396,13178.9,13,860,350,,,,,,,16,565,311,,,,,,,,,,,,,,,,15,519,597,,,,,,
397,13214.3,13,836,318,,,,,,,15,541,332,,,,,,,,,,,,,,,,15,544,620,,,,,,
398,13246.2,12,808,290,,,,,,,15,521,357,,,,,,,,,,,,,,,,15,574,640,,,,,,
399,13278.4,13,776,269,,,,,,,15,507,386,,,,,,,,,,,,,,,,15,608,655,,,,,,
400,13314,12,743,254,,,,,,,15,498,416,,,,,,,,,,,,,,,,15,645,664,,,,,,
401,13346.3,12,709,247,,,,,,,15,496,448,,,,,,,,,,,,,,,,15,684,667,,,,,,
402,13378.9,12,674,245,,,,,,,15,500,479,,,,,,,,,,,,,,,,15,723,663,,,,,,
403,13414,12,641,251,,,,,,,14,510,510,,,,,,,,,,,,,,,,15,764,653,,,,,,
404,13449.4,12,610,262,,,,,,,15,525,540,,,,,,,,,,,,,,,,15,802,636,,,,,,
405,13478.5,12,582,279,,,,,,,15,547,566,,,,,,,,,,,,,,,,15,838,613,,,,,,
406,13514.4,13,559,302,,,,,,,15,572,590,,,,,,,,,,,,,,,,16,869,584,,,,,,
407,13546.2,12,540,328,,,,,,,15,603,607,,,,,,,,,,,,,,,,16,897,551,,,,,,
408,13578.2,12,527,357,,,,,,,16,638,622,,,,,,,,,,,,,,,,15,918,513,,,,,,
409,13614.4,12,520,388,,,,,,,16,675,630,,,,,,,,,,,,,,,,16,933,473,,,,,,
410,13646.2,12,519,420,,,,,,,16,714,632,,,,,,,,,,,,,,,,16,942,431,,,,,,
411,13679.4,12,525,453,,,,,,,16,755,626,,,,,,,,,,,,,,,,16,944,389,,,,,,
412,13714.4,12,537,484,,,,,,,16,794,616,,,,,,,,,,,,,,,,16,938,348,,,,,,
413,13746.2,12,554,513,,,,,,,16,832,598,,,,,,,,,,,,,,,,16,927,309,,,,,,
414,13778.4,13,577,539,,,,,,,16,870,577,,,,,,,,,,,,,,,,15,909,275,,,,,,
415,13814,12,605,562,,,,,,,16,901,547,,,,,,,,,,,,,,,,15,887,245,,,,,,
416,13846.3,12,637,581,,,,,,,15,928,514,,,,,,,,,,,,,,,,15,860,220,,,,,,
417,13879.8,12,673,594,,,,,,,15,950,477,,,,,,,,,,,,,,,,15,829,201,,,,,,
418,13914.3,12,712,601,,,,,,,15,966,437,,,,,,,,,,,,,,,,15,798,189,,,,,,
419,13946.5,12,752,603,,,,,,,15,975,396,,,,,,,,,,,,,,,,15,766,182,,,,,,
420,13978.5,12,794,598,,,,,,,16,978,355,,,,,,,,,,,,,,,,14,733,182,,,,,,
421,14014.1,12,835,586,,,,,,,15,974,314,,,,,,,,,,,,,,,,14,703,189,,,,,,
422,14046.2,12,874,568,,,,,,,15,963,276,,,,,,,,,,,,,,,,15,674,201,,,,,,
423,14078.7,12,912,544,,,,,,,15,945,242,,,,,,,,,,,,,,,,15,649,219,,,,,,
424,14114.4,12,944,515,,,,,,,15,923,212,,,,,,,,,,,,,,,,14,628,242,,,,,,
425,14146,12,972,481,,,,,,,15,898,186,,,,,,,,,,,,,,,,14,612,268,,,,,,
426,14178.5,12,995,443,,,,,,,15,870,168,,,,,,,,,,,,,,,,15,602,297,,,,,,
427,14214.4,12,1011,403,,,,,,,15,839,155,,,,,,,,,,,,,,,,15,597,328,,,,,,
428,14246,12,1021,361,,,,,,,15,808,148,,,,,,,,,,,,,,,,15,598,361,,,,,,
429,14278.5,13,1024,320,,,,,,,16,777,149,,,,,,,,,,,,,,,,14,605,392,,,,,,
430,14314.2,12,1020,279,,,,,,,15,747,155,,,,,,,,,,,,,,,,15,618,423,,,,,,
431,14346.4,12,1010,241,,,,,,,15,720,167,,,,,,,,,,,,,,,,15,637,451,,,,,,
432,14378.4,12,994,206,,,,,,,16,695,185,,,,,,,,,,,,,,,,15,662,476,,,,,,
433,14414.2,12,972,176,,,,,,,15,674,206,,,,,,,,,,,,,,,,15,691,499,,,,,,
434,14446.2,12,948,150,,,,,,,15,660,232,,,,,,,,,,,,,,,,15,724,516,,,,,,
435,14479.9,12,920,131,,,,,,,15,650,261,,,,,,,,,,,,,,,,15,762,529,,,,,,
436,14514.5,12,890,118,,,,,,,15,646,292,,,,,,,,,,,,,,,,16,803,536,,,,,,
437,14546.4,12,859,111,,,,,,,15,648,323,,,,,,,,,,,,,,,,15,844,538,,,,,,
438,14578.5,12,828,111,,,,,,,15,655,354,,,,,,,,,,,,,,,,15,887,532,,,,,,
439,14614.3,12,798,117,,,,,,,15,669,385,,,,,,,,,,,,,,,,16,930,521,,,,,,
440,14646.1,12,771,129,,,,,,,15,688,413,,,,,,,,,,,,,,,,16,971,503,,,,,,
441,14678.4,12,747,146,,,,,,,15,712,439,,,,,,,,,,,,,,,,16,1010,480,,,,,,
442,14714.6,12,727,168,,,,,,,15,742,460,,,,,,,,,,,,,,,,16,1045,452,,,,,,
443,14746.5,12,712,194,,,,,,,16,775,479,,,,,,,,,,,,,,,,16,1074,417,,,,,,
444,14778.9,12,702,223,,,,,,,16,813,493,,,,,,,,,,,,,,,,16,1097,381,,,,,,
445,14815,12,698,255,,,,,,,16,854,501,,,,,,,,,,,,,,,,,,,,,,,,
446,14847,13,700,287,,,,,,,16,896,502,,,,,,,,,,,,,,,,,,,,,,,,
447,14878.2,13,709,319,,,,,,,16,940,498,,,,,,,,,,,,,,,,,,,,,,,,
448,14915,13,722,349,,,,,,,16,983,487,,,,,,,,,,,,,,,,,,,,,,,,
449,14955.9,13,742,378,,,,,,,16,1024,469,,,,,,,,,,,,,,,,,,,,,,,,
450,14981.8,13,766,404,,,,,,,15,1062,446,,,,,,,,,,,,,,,,9,1098,145,,,,,,
451,15014,13,797,427,,,,,,,14,1096,419,,,,,,,,,,,,,,,,15,1090,116,,,,,,
452,15046.5,13,831,446,,,,,,,,,,,,,,,,,,,,,,,,,15,1067,90,,,,,,
453,15078.2,12,870,460,,,,,,,,,,,,,,,,,,,,,,,,,15,1043,70,,,,,,
454,15114,13,912,469,,,,,,,13,1017,57,,,,,,,,,,,,,,,,9,1016,63,,,,,,
455,15146.6,13,954,471,,,,,,,11,989,54,,,,,,,,,,,,,,,,,,,,,,,,
456,15183.2,13,999,467,,,,,,,14,959,48,,,,,,,,,,,,,,,,,,,,,,,,
457,15214.2,12,1044,457,,,,,,,14,933,50,,,,,,,,,,,,,,,,5,933,63,,,,,,
458,15248.2,13,1088,442,,,,,,,14,908,57,,,,,,,,,,,,,,,,13,907,64,,,,,,
459,15278.8,,,,,,,,,,,,,,,,,,,,,,,,,,,,15,884,75,,,,,,
460,15313.9,,,,,,,,,,,,,,,,,,,,,,,,,,,,15,865,95,,,,,,
461,15346.2,,,,,,,,,,,,,,,,,,,,,,,,,,,,15,851,119,,,,,,
462,15378.3,,,,,,,,,,,,,,,,,,,,,,,,,,,,15,841,146,,,,,,
463,15414.3,,,,,,,,,,14,1089,28,,,,,,,,,,,,,,,,14,837,175,,,,,,
464,15446.2,,,,,,,,,,15,1063,18,,,,,,,,,,,,,,,,14,838,206,,,,,,
465,15478.3,,,,,,,,,,14,1036,12,,,,,,,,,,,,,,,,14,845,238,,,,,,
466,15514.7,,,,,,,,,,15,1010,15,,,,,,,,,,,,,,,,15,857,270,,,,,,
467,15546.1,,,,,,,,,,13,986,20,,,,,,,,,,,,,,,,15,877,299,,,,,,
468,15578.4,,,,,,,,,,,,,,,,,,,,,,,,,,,,16,901,326,,,,,,
469,15614.2,,,,,,,,,,11,945,63,,,,,,,,,,,,,,,,16,930,350,,,,,,
470,15646.4,,,,,,,,,,15,931,77,,,,,,,,,,,,,,,,16,965,370,,,,,,
471,15678.2,,,,,,,,,,15,921,103,,,,,,,,,,,,,,,,16,1003,385,,,,,,
472,15714.1,,,,,,,,,,15,916,131,,,,,,,,,,,,,,,,16,1043,396,,,,,,
473,15746.5,,,,,,,,,,15,912,156,,,,,,,,,,,,,,,,16,1083,401,,,,,,
474,15783,,,,,,,,,,15,903,176,,,,,,,,,,,,,,,,14,1095,404,,,,,,
475,15814.1,,,,,,,,,,15,895,191,,,,,,,,,,,,,,,,9,1098,402,,,,,,
476,15846.3,,,,,,,,,,14,868,183,,,,,,,,,,,,,,,,16,1085,393,,,,,,
477,15879.4,,,,,,,,,,15,836,194,,,,,,,,,,,,,,,,15,1057,399,,,,,,
478,15914,,,,,,,,,,15,807,203,,,,,,,,,,,,,,,,15,1026,409,,,,,,
479,15946,12,988,1,,,,,,,15,777,208,,,,,,,,,,,,,,,,16,990,421,,,,,,
480,15978.3,12,962,7,,,,,,,15,750,214,,,,,,,,,,,,,,,,15,957,433,,,,,,
481,16013.9,13,938,13,,,,,,,15,724,220,,,,,,,,,,,,,,,,14,930,436,,,,,,
482,16046.2,12,912,16,,,,,,,15,700,226,,,,,,,,,,,,,,,,6,905,454,,,,,,
483,16078.8,12,896,16,,,,,,,16,681,227,,,,,,,,,,,,,,,,15,889,443,,,,,,
484,16114.2,12,892,21,,,,,,,16,670,225,,,,,,,,,,,,,,,,14,869,447,,,,,,
485,16146.1,,,,,,,,,,15,658,229,,,,,,,,,,,,,,,,14,849,457,,,,,,
486,16178.9,,,,,,,,,,15,642,246,,,,,,,,,,,,,,,,14,833,472,,,,,,
487,16214.2,12,845,63,,,,,,,15,625,265,,,,,,,,,,,,,,,,14,821,487,,,,,,
488,16246.2,12,822,75,,,,,,,15,611,286,,,,,,,,,,,,,,,,13,812,497,,,,,,
489,16278.9,12,795,89,,,,,,,15,597,310,,,,,,,,,,,,,,,,11,807,508,,,,,,
490,16314.2,12,763,104,,,,,,,15,582,338,,,,,,,,,,,,,,,,9,805,517,,,,,,
491,16346,12,728,118,,,,,,,15,570,366,,,,,,,,,,,,,,,,8,807,525,,,,,,
492,16378.5,12,696,131,,,,,,,14,561,393,,,,,,,,,,,,,,,,9,812,531,,,,,,
493,16414.6,12,666,145,,,,,,,14,557,418,,,,,,,,,,,,,,,,9,821,531,,,,,,
494,16446.5,12,633,161,,,,,,,14,558,444,,,,,,,,,,,,,,,,10,833,527,,,,,,
495,16478.2,12,595,185,,,,,,,14,564,473,,,,,,,,,,,,,,,,11,848,515,,,,,,
496,16514,12,560,214,,,,,,,15,580,502,,,,,,,,,,,,,,,,14,872,491,,,,,,
497,16546.7,12,530,251,,,,,,,14,603,530,,,,,,,,,,,,,,,,16,895,464,,,,,,
498,16578.5,12,507,290,,,,,,,15,631,550,,,,,,,,,,,,,,,,16,906,429,,,,,,
499,16614.1,12,492,331,,,,,,,16,661,563,,,,,,,,,,,,,,,,16,909,391,,,,,,
500,16646.4,12,483,372,,,,,,,16,693,570,,,,,,,,,,,,,,,,15,905,353,,,,,,
501,16678.4,12,482,413,,,,,,,15,726,569,,,,,,,,,,,,,,,,15,892,315,,,,,,
502,16715.4,12,488,453,,,,,,,15,757,560,,,,,,,,,,,,,,,,15,872,279,,,,,,
503,16746.5,13,500,490,,,,,,,15,786,544,,,,,,,,,,,,,,,,14,845,248,,,,,,
504,16778.2,13,518,522,,,,,,,16,810,521,,,,,,,,,,,,,,,,15,810,220,,,,,,
505,16814,13,540,549,,,,,,,15,831,495,,,,,,,,,,,,,,,,14,772,200,,,,,,
506,16846.5,12,568,571,,,,,,,15,844,462,,,,,,,,,,,,,,,,15,729,185,,,,,,
507,16878.6,12,599,587,,,,,,,15,850,427,,,,,,,,,,,,,,,,15,684,178,,,,,,
508,16914.2,12,631,595,,,,,,,15,849,390,,,,,,,,,,,,,,,,14,638,178,,,,,,
509,16946.2,12,665,596,,,,,,,15,839,352,,,,,,,,,,,,,,,,14,593,186,,,,,,
510,16978.2,12,697,589,,,,,,,15,821,316,,,,,,,,,,,,,,,,15,550,200,,,,,,
511,17014,12,727,576,,,,,,,15,798,284,,,,,,,,,,,,,,,,15,509,222,,,,,,
512,17046.3,12,754,556,,,,,,,15,766,255,,,,,,,,,,,,,,,,14,473,249,,,,,,
513,17079,12,776,529,,,,,,,16,731,232,,,,,,,,,,,,,,,,15,443,281,,,,,,
514,17118.4,12,792,498,,,,,,,15,692,215,,,,,,,,,,,,,,,,15,418,317,,,,,,
515,17146.4,12,802,463,,,,,,,16,648,205,,,,,,,,,,,,,,,,15,400,356,,,,,,
516,17178.5,12,804,427,,,,,,,16,605,202,,,,,,,,,,,,,,,,15,388,396,,,,,,
517,17214.3,12,797,389,,,,,,,15,560,208,,,,,,,,,,,,,,,,15,384,438,,,,,,
518,17246.3,12,784,352,,,,,,,15,517,219,,,,,,,,,,,,,,,,15,386,477,,,,,,
519,17278.4,12,763,317,,,,,,,16,477,238,,,,,,,,,,,,,,,,15,395,515,,,,,,
520,17314.1,13,734,287,,,,,,,15,440,262,,,,,,,,,,,,,,,,16,411,549,,,,,,
521,17346.3,12,701,261,,,,,,,16,409,292,,,,,,,,,,,,,,,,15,432,579,,,,,,
522,17379.6,12,663,242,,,,,,,15,383,328,,,,,,,,,,,,,,,,15,457,605,,,,,,
523,17414.5,12,621,229,,,,,,,15,363,365,,,,,,,,,,,,,,,,15,487,624,,,,,,
524,17447,12,577,224,,,,,,,15,350,404,,,,,,,,,,,,,,,,15,519,638,,,,,,
525,17478.9,13,534,226,,,,,,,15,344,444,,,,,,,,,,,,,,,,15,553,644,,,,,,
526,17514.1,12,491,235,,,,,,,15,345,484,,,,,,,,,,,,,,,,15,587,643,,,,,,
527,17546.1,12,450,252,,,,,,,15,351,522,,,,,,,,,,,,,,,,15,620,635,,,,,,
528,17578.9,12,412,274,,,,,,,15,365,557,,,,,,,,,,,,,,,,15,650,620,,,,,,
529,17614.1,13,379,303,,,,,,,15,383,590,,,,,,,,,,,,,,,,15,676,599,,,,,,
530,17646.2,12,351,335,,,,,,,15,407,616,,,,,,,,,,,,,,,,15,697,572,,,,,,
531,17678.3,13,329,372,,,,,,,15,436,638,,,,,,,,,,,,,,,,15,713,540,,,,,,
532,17714.5,12,314,411,,,,,,,15,467,654,,,,,,,,,,,,,,,,15,721,505,,,,,,
533,17746.2,12,306,451,,,,,,,15,500,663,,,,,,,,,,,,,,,,16,722,468,,,,,,
534,17779,12,304,491,,,,,,,15,534,666,,,,,,,,,,,,,,,,15,716,432,,,,,,
535,17814.2,12,310,531,,,,,,,15,567,660,,,,,,,,,,,,,,,,16,703,396,,,,,,
536,17846.5,13,321,568,,,,,,,15,599,649,,,,,,,,,,,,,,,,16,682,364,,,,,,
537,17879,13,339,601,,,,,,,15,627,631,,,,,,,,,,,,,,,,15,655,335,,,,,,
538,17914.1,12,361,631,,,,,,,15,651,606,,,,,,,,,,,,,,,,16,623,311,,,,,,
539,17946.3,12,389,656,,,,,,,15,670,578,,,,,,,,,,,,,,,,15,588,293,,,,,,
540,17978.5,12,420,675,,,,,,,15,684,546,,,,,,,,,,,,,,,,15,548,282,,,,,,
541,18014.3,12,454,687,,,,,,,15,689,511,,,,,,,,,,,,,,,,14,507,278,,,,,,
542,18046.1,12,489,692,,,,,,,15,688,475,,,,,,,,,,,,,,,,14,466,281,,,,,,
543,18078.4,12,523,691,,,,,,,15,680,439,,,,,,,,,,,,,,,,15,426,290,,,,,,
544,18114.1,12,557,682,,,,,,,15,664,406,,,,,,,,,,,,,,,,15,388,307,,,,,,
545,18146.5,12,589,667,,,,,,,15,641,376,,,,,,,,,,,,,,,,15,353,328,,,,,,
546,18178,12,616,646,,,,,,,15,613,349,,,,,,,,,,,,,,,,14,323,356,,,,,,
547,18214,12,639,620,,,,,,,16,581,328,,,,,,,,,,,,,,,,15,297,387,,,,,,
548,18255.5,12,656,589,,,,,,,16,544,313,,,,,,,,,,,,,,,,15,277,423,,,,,,
549,18278.3,12,666,555,,,,,,,15,505,305,,,,,,,,,,,,,,,,15,263,461,,,,,,
550,18314.1,12,669,519,,,,,,,16,466,304,,,,,,,,,,,,,,,,15,256,500,,,,,,
551,18346.1,12,666,483,,,,,,,15,426,309,,,,,,,,,,,,,,,,15,254,540,,,,,,
552,18378.2,12,654,447,,,,,,,16,388,321,,,,,,,,,,,,,,,,15,261,579,,,,,,
553,18414.1,12,637,415,,,,,,,16,352,339,,,,,,,,,,,,,,,,15,274,615,,,,,,
554,18446.4,12,612,386,,,,,,,16,320,362,,,,,,,,,,,,,,,,15,292,649,,,,,,
555,18478.9,12,583,362,,,,,,,15,293,393,,,,,,,,,,,,,,,,15,316,678,,,,,,
556,18514.2,12,549,343,,,,,,,15,269,425,,,,,,,,,,,,,,,,15,344,703,,,,,,
557,18546.4,12,511,330,,,,,,,15,254,462,,,,,,,,,,,,,,,,15,376,722,,,,,,
558,18578.6,12,473,325,,,,,,,15,244,500,,,,,,,,,,,,,,,,15,411,735,,,,,,
559,18614.1,12,434,326,,,,,,,15,241,539,,,,,,,,,,,,,,,,15,447,741,,,,,,
560,18646.9,12,395,334,,,,,,,15,243,578,,,,,,,,,,,,,,,,15,483,741,,,,,,
561,18678.5,12,358,349,,,,,,,15,253,615,,,,,,,,,,,,,,,,15,519,733,,,,,,
562,18714.2,12,324,369,,,,,,,15,268,650,,,,,,,,,,,,,,,,14,552,720,,,,,,
563,18746.4,13,294,396,,,,,,,15,289,682,,,,,,,,,,,,,,,,14,582,699,,,,,,
564,18778.5,13,269,427,,,,,,,15,315,709,,,,,,,,,,,,,,,,14,606,674,,,,,,
565,18814.1,12,250,462,,,,,,,15,345,731,,,,,,,,,,,,,,,,15,625,644,,,,,,
566,18846.3,13,237,499,,,,,,,15,378,747,,,,,,,,,,,,,,,,15,638,612,,,,,,
567,18878.3,12,229,539,,,,,,,16,414,759,,,,,,,,,,,,,,,,15,645,575,,,,,,
568,18914.1,12,229,578,,,,,,,15,450,762,,,,,,,,,,,,,,,,16,643,539,,,,,,
569,18946.4,13,235,616,,,,,,,15,486,759,,,,,,,,,,,,,,,,15,636,505,,,,,,
570,18978.2,12,248,653,,,,,,,15,521,750,,,,,,,,,,,,,,,,15,622,472,,,,,,
571,19015,13,266,687,,,,,,,15,552,734,,,,,,,,,,,,,,,,15,601,443,,,,,,
572,19046.5,12,290,718,,,,,,,15,583,714,,,,,,,,,,,,,,,,15,575,418,,,,,,
573,19081.3,12,319,745,,,,,,,15,605,686,,,,,,,,,,,,,,,,15,545,398,,,,,,
574,19114.3,12,352,765,,,,,,,15,623,656,,,,,,,,,,,,,,,,15,512,384,,,,,,
575,19146.5,12,387,780,,,,,,,15,636,623,,,,,,,,,,,,,,,,15,476,377,,,,,,
576,19178.4,12,424,788,,,,,,,15,642,589,,,,,,,,,,,,,,,,15,439,377,,,,,,
577,19214.2,12,462,789,,,,,,,15,641,553,,,,,,,,,,,,,,,,15,404,382,,,,,,
578,19246.3,11,499,784,,,,,,,15,632,520,,,,,,,,,,,,,,,,15,369,394,,,,,,
579,19278.3,12,535,773,,,,,,,15,618,488,,,,,,,,,,,,,,,,15,336,412,,,,,,
580,19314.2,12,567,755,,,,,,,15,597,461,,,,,,,,,,,,,,,,15,307,436,,,,,,
581,19346.2,12,596,732,,,,,,,15,570,438,,,,,,,,,,,,,,,,15,282,465,,,,,,
582,19378.5,12,619,704,,,,,,,15,541,419,,,,,,,,,,,,,,,,15,263,497,,,,,,
583,19414,12,637,673,,,,,,,16,509,407,,,,,,,,,,,,,,,,15,248,532,,,,,,
584,19446.2,12,648,639,,,,,,,15,473,401,,,,,,,,,,,,,,,,15,240,570,,,,,,
585,19478.3,12,652,604,,,,,,,15,439,401,,,,,,,,,,,,,,,,15,239,608,,,,,,
586,19514.3,12,650,568,,,,,,,15,404,408,,,,,,,,,,,,,,,,15,243,646,,,,,,
587,19549.1,12,641,535,,,,,,,15,371,421,,,,,,,,,,,,,,,,15,255,684,,,,,,
588,19578.5,12,626,504,,,,,,,15,340,441,,,,,,,,,,,,,,,,15,272,719,,,,,,
589,19614.1,12,604,476,,,,,,,15,313,465,,,,,,,,,,,,,,,,15,295,751,,,,,,
590,19646.7,12,579,453,,,,,,,15,290,495,,,,,,,,,,,,,,,,15,321,779,,,,,,
591,19678.6,12,548,436,,,,,,,15,273,527,,,,,,,,,,,,,,,,15,353,802,,,,,,
592,19714.3,12,516,425,,,,,,,15,261,562,,,,,,,,,,,,,,,,16,388,820,,,,,,
593,19746,12,482,420,,,,,,,15,256,599,,,,,,,,,,,,,,,,15,426,832,,,,,,
594,19778.1,12,447,422,,,,,,,15,256,637,,,,,,,,,,,,,,,,15,464,837,,,,,,
595,19814.1,12,413,430,,,,,,,15,262,675,,,,,,,,,,,,,,,,15,504,836,,,,,,
596,19846.1,12,381,445,,,,,,,15,275,711,,,,,,,,,,,,,,,,15,543,828,,,,,,
597,19878.4,12,351,465,,,,,,,15,294,745,,,,,,,,,,,,,,,,15,579,814,,,,,,
598,19914,12,326,490,,,,,,,15,318,776,,,,,,,,,,,,,,,,15,610,794,,,,,,
599,19946.1,12,305,520,,,,,,,15,346,804,,,,,,,,,,,,,,,,15,639,768,,,,,,
600,19978.5,12,289,553,,,,,,,15,379,826,,,,,,,,,,,,,,,,15,662,740,,,,,,
601,20014.2,12,279,590,,,,,,,15,415,841,,,,,,,,,,,,,,,,15,679,708,,,,,,
602,20047.2,12,275,627,,,,,,,15,454,853,,,,,,,,,,,,,,,,15,688,673,,,,,,
603,20078.1,12,277,666,,,,,,,15,491,857,,,,,,,,,,,,,,,,15,692,638,,,,,,
604,20114,12,286,704,,,,,,,15,532,855,,,,,,,,,,,,,,,,16,689,604,,,,,,
605,20146.2,13,301,741,,,,,,,15,569,847,,,,,,,,,,,,,,,,16,680,572,,,,,,
606,20178.5,12,321,775,,,,,,,16,606,832,,,,,,,,,,,,,,,,16,665,542,,,,,,
607,20214.1,12,347,805,,,,,,,15,637,812,,,,,,,,,,,,,,,,15,644,516,,,,,,
608,20246.2,12,377,831,,,,,,,15,666,787,,,,,,,,,,,,,,,,15,620,496,,,,,,
609,20279.1,12,412,854,,,,,,,15,689,758,,,,,,,,,,,,,,,,15,592,481,,,,,,
610,20314.1,12,449,869,,,,,,,15,707,726,,,,,,,,,,,,,,,,15,562,472,,,,,,
611,20346.5,12,489,880,,,,,,,15,719,693,,,,,,,,,,,,,,,,15,530,468,,,,,,
612,20379.8,12,529,883,,,,,,,15,723,658,,,,,,,,,,,,,,,,14,498,472,,,,,,
613,20414.1,12,570,880,,,,,,,15,722,624,,,,,,,,,,,,,,,,14,468,481,,,,,,
614,20446.4,12,609,871,,,,,,,15,713,592,,,,,,,,,,,,,,,,15,439,497,,,,,,
615,20479.8,12,646,856,,,,,,,16,699,563,,,,,,,,,,,,,,,,14,413,517,,,,,,
616,20514.2,12,680,836,,,,,,,15,680,537,,,,,,,,,,,,,,,,14,391,543,,,,,,
617,20546.1,12,710,810,,,,,,,15,656,518,,,,,,,,,,,,,,,,15,373,572,,,,,,
618,20578.3,12,733,781,,,,,,,15,630,503,,,,,,,,,,,,,,,,15,360,605,,,,,,
619,20614.3,12,752,748,,,,,,,15,600,494,,,,,,,,,,,,,,,,15,352,640,,,,,,
620,20646,12,764,714,,,,,,,15,570,490,,,,,,,,,,,,,,,,14,351,677,,,,,,
621,20678.9,12,769,680,,,,,,,15,540,493,,,,,,,,,,,,,,,,14,356,714,,,,,,
622,20714.2,12,768,645,,,,,,,15,510,502,,,,,,,,,,,,,,,,14,367,750,,,,,,
623,20746.2,12,760,613,,,,,,,15,482,517,,,,,,,,,,,,,,,,14,384,786,,,,,,
624,20778.2,12,747,583,,,,,,,15,457,537,,,,,,,,,,,,,,,,14,405,820,,,,,,
625,20814.2,12,728,558,,,,,,,15,437,563,,,,,,,,,,,,,,,,15,432,850,,,,,,
626,20846.3,13,706,536,,,,,,,15,420,592,,,,,,,,,,,,,,,,15,464,876,,,,,,
627,20878.3,12,678,521,,,,,,,15,409,624,,,,,,,,,,,,,,,,15,500,898,,,,,,
628,20914.1,12,650,512,,,,,,,15,403,659,,,,,,,,,,,,,,,,15,539,914,,,,,,
629,20946.2,12,620,509,,,,,,,15,403,695,,,,,,,,,,,,,,,,15,580,924,,,,,,
630,20978.5,12,590,512,,,,,,,15,408,732,,,,,,,,,,,,,,,,15,621,928,,,,,,
631,21014.2,12,562,520,,,,,,,15,419,769,,,,,,,,,,,,,,,,15,664,926,,,,,,
632,21047.2,12,534,536,,,,,,,14,435,804,,,,,,,,,,,,,,,,15,705,917,,,,,,
633,21082.9,12,510,555,,,,,,,15,457,837,,,,,,,,,,,,,,,,15,744,903,,,,,,
634,21114.1,12,489,580,,,,,,,15,484,868,,,,,,,,,,,,,,,,15,779,884,,,,,,
635,21146.2,12,473,609,,,,,,,15,517,893,,,,,,,,,,,,,,,,15,811,859,,,,,,
636,21178.9,12,461,641,,,,,,,15,552,914,,,,,,,,,,,,,,,,15,837,830,,,,,,
637,21214.3,12,456,677,,,,,,,15,592,931,,,,,,,,,,,,,,,,15,858,798,,,,,,
638,21246.1,12,456,713,,,,,,,15,633,943,,,,,,,,,,,,,,,,15,872,764,,,,,,
639,21278.4,12,461,750,,,,,,,16,675,947,,,,,,,,,,,,,,,,15,880,729,,,,,,
640,21314.1,12,473,786,,,,,,,16,717,946,,,,,,,,,,,,,,,,16,882,695,,,,,,
641,21346.4,12,490,822,,,,,,,16,759,938,,,,,,,,,,,,,,,,16,877,662,,,,,,
642,21378.5,12,513,857,,,,,,,15,798,925,,,,,,,,,,,,,,,,15,866,634,,,,,,
643,21414.3,12,541,887,,,,,,,15,835,906,,,,,,,,,,,,,,,,15,850,607,,,,,,
644,21446.2,12,574,915,,,,,,,15,867,882,,,,,,,,,,,,,,,,15,831,586,,,,,,
645,21478.2,12,610,937,,,,,,,15,895,855,,,,,,,,,,,,,,,,15,807,569,,,,,,
646,21514.7,12,650,954,,,,,,,15,917,824,,,,,,,,,,,,,,,,14,781,559,,,,,,
647,21546.5,12,692,966,,,,,,,15,934,791,,,,,,,,,,,,,,,,15,753,554,,,,,,
648,21578.3,12,735,972,,,,,,,15,945,757,,,,,,,,,,,,,,,,15,726,555,,,,,,
649,21614.1,12,779,971,,,,,,,15,950,723,,,,,,,,,,,,,,,,15,699,562,,,,,,
650,21646.3,12,822,964,,,,,,,16,947,691,,,,,,,,,,,,,,,,15,673,575,,,,,,
651,21678.1,12,863,952,,,,,,,16,939,661,,,,,,,,,,,,,,,,15,650,593,,,,,,
652,21714.2,12,902,934,,,,,,,16,925,634,,,,,,,,,,,,,,,,15,630,616,,,,,,
653,21746.1,12,937,911,,,,,,,16,907,612,,,,,,,,,,,,,,,,14,614,643,,,,,,
654,21778.5,12,966,884,,,,,,,16,885,594,,,,,,,,,,,,,,,,15,603,673,,,,,,
655,21814.1,12,991,853,,,,,,,16,860,582,,,,,,,,,,,,,,,,15,597,707,,,,,,
656,21846.6,13,1011,819,,,,,,,16,834,575,,,,,,,,,,,,,,,,15,596,742,,,,,,
657,21878.2,12,1022,786,,,,,,,16,807,575,,,,,,,,,,,,,,,,14,602,778,,,,,,
658,21915.6,12,1029,752,,,,,,,15,780,580,,,,,,,,,,,,,,,,14,612,814,,,,,,
659,21947.8,12,1029,718,,,,,,,16,755,591,,,,,,,,,,,,,,,,15,629,850,,,,,,
660,21978.4,12,1023,687,,,,,,,15,732,608,,,,,,,,,,,,,,,,15,651,884,,,,,,
661,22014.3,12,1011,659,,,,,,,15,713,630,,,,,,,,,,,,,,,,15,678,916,,,,,,
662,22046.2,13,995,635,,,,,,,15,696,655,,,,,,,,,,,,,,,,15,709,945,,,,,,
663,22078.3,13,974,616,,,,,,,15,685,684,,,,,,,,,,,,,,,,15,746,969,,,,,,
664,22114.1,13,951,602,,,,,,,15,679,717,,,,,,,,,,,,,,,,15,786,990,,,,,,
665,22146.2,13,925,594,,,,,,,15,678,751,,,,,,,,,,,,,,,,15,828,1003,,,,,,
666,22178.3,13,898,592,,,,,,,15,682,786,,,,,,,,,,,,,,,,15,872,1012,,,,,,
667,22217.3,13,872,595,,,,,,,15,692,822,,,,,,,,,,,,,,,,15,917,1014,,,,,,
668,22246.8,12,846,604,,,,,,,15,708,858,,,,,,,,,,,,,,,,15,961,1010,,,,,,
669,22279.8,12,823,620,,,,,,,15,729,893,,,,,,,,,,,,,,,,15,1004,1000,,,,,,
670,22314,13,803,640,,,,,,,16,755,925,,,,,,,,,,,,,,,,15,1045,985,,,,,,
671,22346.5,12,785,665,,,,,,,15,786,955,,,,,,,,,,,,,,,,15,1082,965,,,,,,
672,22378.3,13,773,693,,,,,,,16,821,981,,,,,,,,,,,,,,,,,,,,,,,,
673,22414.1,13,765,725,,,,,,,16,860,1001,,,,,,,,,,,,,,,,,,,,,,,,
674,22446.1,13,764,759,,,,,,,15,902,1017,,,,,,,,,,,,,,,,,,,,,,,,
675,22478.9,12,766,795,,,,,,,15,946,1027,,,,,,,,,,,,,,,,,,,,,,,,
676,22514.2,13,776,832,,,,,,,15,990,1031,,,,,,,,,,,,,,,,,,,,,,,,
677,22550.9,13,791,868,,,,,,,16,1035,1029,,,,,,,,,,,,,,,,,,,,,,,,
678,22578.3,12,810,902,,,,,,,13,1076,1022,,,,,,,,,,,,,,,,,,,,,,,,
679,22614.1,13,836,935,,,,,,,,,,,,,,,,,,,,,,,,,,,,,,,,,
680,22648.1,13,867,967,,,,,,,,,,,,,,,,,,,,,,,,,,,,,,,,,
681,22679,13,901,993,,,,,,,,,,,,,,,,,,,,,,,,,,,,,,,,,
682,22714.2,13,933,1011,,,,,,,,,,,,,,,,,,,,,,,,,,,,,,,,,
683,22748.3,13,943,1007,,,,,,,,,,,,,,,,,,,,,,,,,,,,,,,,,
684,22779.5,13,940,987,,,,,,,,,,,,,,,,,,,,,,,,,,,,,,,,,
685,22814,13,928,965,,,,,,,,,,,,,,,,,,,,,,,,,,,,,,,,,
686,22847.5,13,914,941,,,,,,,,,,,,,,,,,,,,,,,,,,,,,,,,,
687,22878.1,12,893,915,,,,,,,,,,,,,,,,,,,,,,,,,14,1097,546,,,,,,
688,22914.3,12,864,884,,,,,,,,,,,,,,,,,,,,,,,,,16,1083,520,,,,,,
689,22946.2,12,831,848,,,,,,,,,,,,,,,,,,,,,,,,,15,1062,491,,,,,,
690,22978.2,12,801,809,,,,,,,,,,,,,,,,,,,,,,,,,15,1041,458,,,,,,
691,23014.2,13,774,772,,,,,,,,,,,,,,,,,,,,,,,,,15,1022,427,,,,,,
692,23046.2,12,750,737,,,,,,,,,,,,,,,,,,,,,,,,,15,1005,396,,,,,,
693,23079.8,13,734,704,,,,,,,7,1036,658,,,,,,,,,,,,,,,,15,993,366,,,,,,
694,23114.2,13,725,678,,,,,,,11,1024,633,,,,,,,,,,,,,,,,14,981,342,,,,,,
695,23146.2,12,717,663,,,,,,,13,1015,613,,,,,,,,,,,,,,,,,,,,,,,,
696,23179,13,713,661,,,,,,,15,1005,600,,,,,,,,,,,,,,,,,,,,,,,,
697,23214.4,13,707,664,,,,,,,15,997,594,,,,,,,,,,,,,,,,,,,,,,,,
698,23246.9,12,698,669,,,,,,,15,985,592,,,,,,,,,,,,,,,,,,,,,,,,
699,23278.2,12,684,671,,,,,,,15,970,589,,,,,,,,,,,,,,,,,,,,,,,,
700,23314,12,674,672,,,,,,,16,958,582,,,,,,,,,,,,,,,,,,,,,,,,
701,23346.1,10,668,674,,,,,,,15,951,569,,,,,,,,,,,,,,,,,,,,,,,,
702,23378.1,6,664,675,,,,,,,15,942,549,,,,,,,,,,,,,,,,,,,,,,,,
703,23414,,,,,,,,,,15,932,525,,,,,,,,,,,,,,,,,,,,,,,,
704,23446.1,,,,,,,,,,15,922,497,,,,,,,,,,,,,,,,,,,,,,,,
705,23478.1,,,,,,,,,,16,909,467,,,,,,,,,,,,,,,,12,694,256,,,,,,
706,23514,,,,,,,,,,15,896,439,,,,,,,,,,,,,,,,14,660,260,,,,,,
707,23546.1,,,,,,,,,,15,886,414,,,,,,,,,,,,,,,,14,632,264,,,,,,
708,23578.4,,,,,,,,,,15,877,391,,,,,,,,,,,,,,,,15,607,270,,,,,,
709,23614.4,,,,,,,,,,15,866,363,,,,,,,,,,,,,,,,15,583,278,,,,,,
710,23646.5,,,,,,,,,,16,851,328,,,,,,,,,,,,,,,,15,559,286,,,,,,
711,23679.8,,,,,,,,,,16,830,289,,,,,,,,,,,,,,,,15,535,294,,,,,,
712,23714.5,11,847,551,,,,,,,9,809,264,,,,,,,,,,,,,,,,15,515,304,,,,,,
713,23746.5,14,868,512,,,,,,,,,,,,,,,,,,,,,,,,,15,499,317,,,,,,
714,23778.2,12,882,467,,,,,,,,,,,,,,,,,,,,,,,,,15,487,332,,,,,,
715,23814.1,12,892,419,,,,,,,,,,,,,,,,,,,,,,,,,15,480,349,,,,,,
716,23846.3,12,896,370,,,,,,,,,,,,,,,,,,,,,,,,,14,477,366,,,,,,
717,23878.5,12,896,321,,,,,,,15,653,144,,,,,,,,,,,,,,,,14,480,384,,,,,,
718,23914.2,12,890,273,,,,,,,16,624,136,,,,,,,,,,,,,,,,14,487,400,,,,,,
719,23946.3,12,878,226,,,,,,,15,596,133,,,,,,,,,,,,,,,,14,499,416,,,,,,
720,23978.4,12,863,182,,,,,,,16,569,135,,,,,,,,,,,,,,,,15,515,429,,,,,,
721,24014.9,12,843,141,,,,,,,15,546,141,,,,,,,,,,,,,,,,15,536,439,,,,,,
722,24048.5,12,820,103,,,,,,,15,526,150,,,,,,,,,,,,,,,,15,560,446,,,,,,
723,24078.3,12,793,70,,,,,,,15,509,162,,,,,,,,,,,,,,,,15,587,450,,,,,,
724,24114.1,12,764,42,,,,,,,15,498,177,,,,,,,,,,,,,,,,15,616,449,,,,,,
725,24146.5,12,733,19,,,,,,,15,492,194,,,,,,,,,,,,,,,,15,648,444,,,,,,
726,24178.3,12,702,1,,,,,,,15,489,210,,,,,,,,,,,,,,,,15,682,434,,,,,,
727,24214.7,,,,,,,,,,15,492,228,,,,,,,,,,,,,,,,16,717,419,,,,,,
728,24246.2,,,,,,,,,,15,499,244,,,,,,,,,,,,,,,,16,750,398,,,,,,
729,24285.5,,,,,,,,,,15,510,259,,,,,,,,,,,,,,,,16,782,372,,,,,,
730,24314.1,,,,,,,,,,15,527,273,,,,,,,,,,,,,,,,16,815,342,,,,,,
731,24352.4,,,,,,,,,,15,547,284,,,,,,,,,,,,,,,,16,844,306,,,,,,
732,24378.1,9,543,1,,,,,,,15,570,293,,,,,,,,,,,,,,,,15,869,267,,,,,,
733,24414.1,13,527,4,,,,,,,15,598,296,,,,,,,,,,,,,,,,16,892,224,,,,,,
734,24446.4,13,515,19,,,,,,,15,628,296,,,,,,,,,,,,,,,,16,908,178,,,,,,
735,24478.4,13,508,36,,,,,,,16,660,291,,,,,,,,,,,,,,,,16,921,131,,,,,,
736,24514.6,13,505,53,,,,,,,16,694,281,,,,,,,,,,,,,,,,16,929,83,,,,,,
737,24550.5,13,507,70,,,,,,,16,728,266,,,,,,,,,,,,,,,,,,,,,,,,
738,24578.4,13,516,88,,,,,,,16,762,246,,,,,,,,,,,,,,,,,,,,,,,,
739,24614.2,13,527,104,,,,,,,,,,,,,,,,,,,,,,,,,,,,,,,,,
740,24646.5,14,545,118,,,,,,,,,,,,,,,,,,,,,,,,,,,,,,,,,
741,24679,14,564,130,,,,,,,,,,,,,,,,,,,,,,,,,,,,,,,,,
742,24714.3,14,556,120,,,,,,,8,862,129,,,,,,,,,,,,,,,,,,,,,,,,
743,24746.2,14,556,122,,,,,,,6,862,122,,,,,,,,,,,,,,,,,,,,,,,,
744,24778.5,14,562,131,,,,,,,,,,,,,,,,,,,,,,,,,,,,,,,,,
745,24814.3,14,571,146,,,,,,,,,,,,,,,,,,,,,,,,,,,,,,,,,
746,24846.3,13,580,170,,,,,,,,,,,,,,,,,,,,,,,,,,,,,,,,,
747,24878.1,12,588,203,,,,,,,,,,,,,,,,,,,,,,,,,,,,,,,,,
748,24915,12,601,240,,,,,,,,,,,,,,,,,,,,,,,,,,,,,,,,,
749,24946.1,12,618,282,,,,,,,,,,,,,,,,,,,,,,,,,,,,,,,,,
750,24978.3,12,634,331,,,,,,,,,,,,,,,,,,,,,,,,,,,,,,,,,
751,25014.1,12,644,388,,,,,,,,,,,,,,,,,,,,,,,,,,,,,,,,,
752,25046.2,12,659,440,,,,,,,13,957,387,,,,,,,,,,,,,,,,,,,,,,,,
753,25078.4,12,676,488,,,,,,,15,967,416,,,,,,,,,,,,,,,,,,,,,,,,
754,25114.3,10,688,530,,,,,,,15,980,444,,,,,,,,,,,,,,,,,,,,,,,,
755,25146.5,,,,,,,,,,15,991,471,,,,,,,,,,,,,,,,,,,,,,,,
756,25178.3,,,,,,,,,,15,996,497,,,,,,,,,,,,,,,,,,,,,,,,
757,25214,,,,,,,,,,15,991,518,,,,,,,,,,,,,,,,,,,,,,,,
758,25246.2,,,,,,,,,,15,979,533,,,,,,,,,,,,,,,,,,,,,,,,
759,25278.6,,,,,,,,,,15,969,542,,,,,,,,,,,,,,,,,,,,,,,,
760,25314.2,,,,,,,,,,15,954,545,,,,,,,,,,,,,,,,,,,,,,,,
761,25346.1,,,,,,,,,,15,942,544,,,,,,,,,,,,,,,,,,,,,,,,
762,25378.2,,,,,,,,,,15,933,537,,,,,,,,,,,,,,,,,,,,,,,,
763,25414.6,,,,,,,,,,15,926,533,,,,,,,,,,,,,,,,,,,,,,,,
764,25446.1,,,,,,,,,,15,921,533,,,,,,,,,,,,,,,,,,,,,,,,
765,25478.4,,,,,,,,,,15,916,526,,,,,,,,,,,,,,,,,,,,,,,,
766,25514,,,,,,,,,,15,912,506,,,,,,,,,,,,,,,,,,,,,,,,
767,25546.1,,,,,,,,,,15,907,474,,,,,,,,,,,,,,,,,,,,,,,,
768,25578.7,,,,,,,,,,15,901,434,,,,,,,,,,,,,,,,12,672,236,,,,,,
769,25614.4,,,,,,,,,,15,888,392,,,,,,,,,,,,,,,,14,629,244,,,,,,
770,25646.6,,,,,,,,,,15,868,352,,,,,,,,,,,,,,,,15,587,257,,,,,,
771,25678.4,,,,,,,,,,16,839,317,,,,,,,,,,,,,,,,15,548,275,,,,,,
772,25714.3,13,814,587,,,,,,,15,807,285,,,,,,,,,,,,,,,,15,514,299,,,,,,
773,25746.4,12,833,553,,,,,,,16,769,258,,,,,,,,,,,,,,,,14,485,327,,,,,,
774,25778.3,12,847,516,,,,,,,16,728,238,,,,,,,,,,,,,,,,15,461,359,,,,,,
775,25813.9,12,853,476,,,,,,,16,684,227,,,,,,,,,,,,,,,,15,444,393,,,,,,
776,25846.4,13,851,434,,,,,,,16,639,220,,,,,,,,,,,,,,,,15,435,429,,,,,,
777,25878.9,12,842,392,,,,,,,15,595,223,,,,,,,,,,,,,,,,15,431,464,,,,,,
778,25914.1,12,826,351,,,,,,,16,552,232,,,,,,,,,,,,,,,,15,434,498,,,,,,
779,25946.5,12,802,313,,,,,,,16,512,247,,,,,,,,,,,,,,,,15,444,530,,,,,,
780,25978.2,12,772,278,,,,,,,15,476,269,,,,,,,,,,,,,,,,15,460,558,,,,,,
781,26014.5,12,737,250,,,,,,,15,446,295,,,,,,,,,,,,,,,,15,481,582,,,,,,
782,26046.2,12,696,227,,,,,,,15,420,326,,,,,,,,,,,,,,,,15,507,601,,,,,,
783,26078.2,12,655,211,,,,,,,15,402,358,,,,,,,,,,,,,,,,15,536,614,,,,,,
784,26114.2,12,610,203,,,,,,,15,390,392,,,,,,,,,,,,,,,,15,567,621,,,,,,
785,26146.3,12,566,201,,,,,,,15,384,427,,,,,,,,,,,,,,,,15,600,621,,,,,,
786,26178.3,12,523,207,,,,,,,15,385,462,,,,,,,,,,,,,,,,15,633,614,,,,,,
787,26214.2,12,481,219,,,,,,,15,392,494,,,,,,,,,,,,,,,,15,664,599,,,,,,
788,26246,12,444,238,,,,,,,15,405,524,,,,,,,,,,,,,,,,15,693,579,,,,,,
789,26278.7,12,411,262,,,,,,,15,424,551,,,,,,,,,,,,,,,,15,717,551,,,,,,
790,26314.2,13,384,291,,,,,,,15,447,573,,,,,,,,,,,,,,,,16,737,519,,,,,,
791,26346.4,12,362,322,,,,,,,15,475,588,,,,,,,,,,,,,,,,15,750,481,,,,,,
792,26378.3,13,347,357,,,,,,,16,505,598,,,,,,,,,,,,,,,,16,757,440,,,,,,
793,26414.3,13,339,392,,,,,,,15,537,601,,,,,,,,,,,,,,,,15,756,400,,,,,,
794,26446.2,12,337,427,,,,,,,15,570,598,,,,,,,,,,,,,,,,16,749,358,,,,,,
795,26479.9,13,343,462,,,,,,,15,602,588,,,,,,,,,,,,,,,,16,734,317,,,,,,
796,26514.3,13,354,494,,,,,,,15,632,569,,,,,,,,,,,,,,,,15,713,280,,,,,,
797,26546,13,371,521,,,,,,,15,660,547,,,,,,,,,,,,,,,,15,684,247,,,,,,
798,26578.2,12,392,546,,,,,,,15,682,517,,,,,,,,,,,,,,,,14,652,219,,,,,,
799,26614.1,12,419,566,,,,,,,15,700,484,,,,,,,,,,,,,,,,14,614,196,,,,,,
800,26646.2,12,449,579,,,,,,,15,712,447,,,,,,,,,,,,,,,,15,575,180,,,,,,
801,26678.6,12,481,586,,,,,,,15,717,407,,,,,,,,,,,,,,,,15,532,171,,,,,,
802,26714.8,12,515,587,,,,,,,15,714,366,,,,,,,,,,,,,,,,15,490,168,,,,,,
803,26746.5,12,548,580,,,,,,,15,705,325,,,,,,,,,,,,,,,,15,449,173,,,,,,
804,26778.7,12,581,567,,,,,,,15,688,286,,,,,,,,,,,,,,,,14,411,185,,,,,,
805,26814.2,12,611,547,,,,,,,15,664,251,,,,,,,,,,,,,,,,15,375,202,,,,,,
806,26846.5,12,637,521,,,,,,,16,636,218,,,,,,,,,,,,,,,,15,344,224,,,,,,
807,26879.3,12,659,489,,,,,,,16,602,192,,,,,,,,,,,,,,,,14,317,251,,,,,,
808,26914.1,12,675,454,,,,,,,16,567,171,,,,,,,,,,,,,,,,15,296,282,,,,,,
809,26946.2,12,685,415,,,,,,,16,526,159,,,,,,,,,,,,,,,,15,281,315,,,,,,
810,26978.3,12,688,374,,,,,,,16,486,151,,,,,,,,,,,,,,,,15,273,350,,,,,,
811,27014.1,12,684,332,,,,,,,16,445,151,,,,,,,,,,,,,,,,15,271,384,,,,,,
812,27046.3,12,673,292,,,,,,,16,406,158,,,,,,,,,,,,,,,,15,275,419,,,,,,
813,27078.4,12,654,253,,,,,,,15,368,170,,,,,,,,,,,,,,,,15,286,450,,,,,,
814,27114,12,629,218,,,,,,,16,335,189,,,,,,,,,,,,,,,,15,303,479,,,,,,
815,27146,12,600,188,,,,,,,15,306,213,,,,,,,,,,,,,,,,15,325,504,,,,,,
816,27179,12,565,162,,,,,,,15,281,240,,,,,,,,,,,,,,,,16,351,524,,,,,,
817,27215.2,12,527,144,,,,,,,16,264,271,,,,,,,,,,,,,,,,15,382,539,,,,,,
818,27246,12,488,132,,,,,,,15,252,304,,,,,,,,,,,,,,,,15,415,548,,,,,,
819,27279.8,12,447,126,,,,,,,15,247,338,,,,,,,,,,,,,,,,15,449,551,,,,,,
820,27314.9,13,407,128,,,,,,,15,248,372,,,,,,,,,,,,,,,,15,484,547,,,,,,
821,27346.4,12,368,137,,,,,,,15,255,404,,,,,,,,,,,,,,,,15,518,536,,,,,,
822,27378.4,13,332,152,,,,,,,15,267,436,,,,,,,,,,,,,,,,15,549,518,,,,,,
823,27414.1,12,301,172,,,,,,,15,285,464,,,,,,,,,,,,,,,,16,579,494,,,,,,
824,27446.2,13,273,197,,,,,,,15,310,488,,,,,,,,,,,,,,,,16,603,465,,,,,,
825,27478.3,13,252,227,,,,,,,15,337,506,,,,,,,,,,,,,,,,16,622,431,,,,,,
826,27514.1,13,235,257,,,,,,,15,368,519,,,,,,,,,,,,,,,,15,636,393,,,,,,
827,27546.1,13,226,292,,,,,,,15,402,527,,,,,,,,,,,,,,,,15,642,352,,,,,,
828,27578.4,13,223,327,,,,,,,15,436,527,,,,,,,,,,,,,,,,15,642,311,,,,,,
829,27614.1,13,227,362,,,,,,,15,471,521,,,,,,,,,,,,,,,,15,635,270,,,,,,
830,27650.9,13,236,394,,,,,,,15,504,507,,,,,,,,,,,,,,,,15,622,232,,,,,,
831,27678.6,13,252,424,,,,,,,15,535,490,,,,,,,,,,,,,,,,15,602,195,,,,,,
832,27716.3,13,273,451,,,,,,,15,565,466,,,,,,,,,,,,,,,,15,576,162,,,,,,
833,27746.1,13,298,474,,,,,,,15,588,434,,,,,,,,,,,,,,,,16,546,135,,,,,,
834,27778.2,12,328,492,,,,,,,15,607,401,,,,,,,,,,,,,,,,16,511,113,,,,,,
835,27814.3,12,361,503,,,,,,,15,620,363,,,,,,,,,,,,,,,,15,475,98,,,,,,
836,27846.1,12,396,510,,,,,,,15,627,324,,,,,,,,,,,,,,,,15,436,89,,,,,,
837,27878.3,12,432,509,,,,,,,15,627,283,,,,,,,,,,,,,,,,15,398,87,,,,,,
838,27914,12,467,501,,,,,,,15,618,243,,,,,,,,,,,,,,,,15,362,92,,,,,,
839,27946.2,12,502,488,,,,,,,15,606,204,,,,,,,,,,,,,,,,15,326,103,,,,,,
840,27978.4,12,533,467,,,,,,,16,585,168,,,,,,,,,,,,,,,,15,294,120,,,,,,
841,28014.2,12,562,441,,,,,,,15,560,137,,,,,,,,,,,,,,,,15,266,142,,,,,,
842,28046.3,12,586,411,,,,,,,15,531,110,,,,,,,,,,,,,,,,15,243,166,,,,,,
843,28078.3,12,605,375,,,,,,,15,498,89,,,,,,,,,,,,,,,,14,225,196,,,,,,
844,28114.1,12,617,337,,,,,,,15,462,74,,,,,,,,,,,,,,,,14,213,229,,,,,,
845,28146.1,12,624,296,,,,,,,16,425,67,,,,,,,,,,,,,,,,15,207,262,,,,,,
846,28179.2,12,623,255,,,,,,,15,388,66,,,,,,,,,,,,,,,,15,207,297,,,,,,
847,28214.4,12,616,214,,,,,,,15,352,70,,,,,,,,,,,,,,,,15,213,330,,,,,,
848,28246.1,13,602,175,,,,,,,15,318,82,,,,,,,,,,,,,,,,15,226,361,,,,,,
849,28278.3,13,583,139,,,,,,,15,288,99,,,,,,,,,,,,,,,,15,245,390,,,,,,
850,28314.2,12,557,108,,,,,,,16,261,121,,,,,,,,,,,,,,,,16,269,416,,,,,,
851,28349.7,12,528,82,,,,,,,15,239,147,,,,,,,,,,,,,,,,16,297,437,,,,,,
852,28378.4,13,495,61,,,,,,,15,222,176,,,,,,,,,,,,,,,,15,328,452,,,,,,
853,28414.2,12,459,48,,,,,,,15,213,207,,,,,,,,,,,,,,,,15,363,462,,,,,,
854,28446.8,13,423,39,,,,,,,15,208,240,,,,,,,,,,,,,,,,15,400,467,,,,,,
855,28478.5,12,386,39,,,,,,,15,210,274,,,,,,,,,,,,,,,,15,437,465,,,,,,
856,28514.1,13,351,45,,,,,,,15,218,306,,,,,,,,,,,,,,,,15,473,456,,,,,,
857,28546.4,12,317,57,,,,,,,15,231,337,,,,,,,,,,,,,,,,15,508,442,,,,,,
858,28578.9,13,287,74,,,,,,,15,250,367,,,,,,,,,,,,,,,,16,540,421,,,,,,
859,28614.3,13,262,97,,,,,,,15,274,391,,,,,,,,,,,,,,,,15,569,394,,,,,,
860,28646.2,13,241,123,,,,,,,16,303,411,,,,,,,,,,,,,,,,16,593,362,,,,,,
861,28678.5,12,225,153,,,,,,,16,336,427,,,,,,,,,,,,,,,,15,613,326,,,,,,
862,28714.3,12,216,185,,,,,,,16,370,437,,,,,,,,,,,,,,,,16,628,287,,,,,,
863,28746.1,13,212,219,,,,,,,15,405,441,,,,,,,,,,,,,,,,15,632,247,,,,,,
864,28778.6,13,215,253,,,,,,,16,442,439,,,,,,,,,,,,,,,,15,633,206,,,,,,
865,28814.3,13,223,286,,,,,,,15,479,430,,,,,,,,,,,,,,,,15,627,165,,,,,,
866,28846.4,13,238,317,,,,,,,15,514,415,,,,,,,,,,,,,,,,16,615,127,,,,,,
867,28878.4,13,259,346,,,,,,,15,547,395,,,,,,,,,,,,,,,,16,597,93,,,,,,
868,28914.2,13,284,370,,,,,,,15,578,369,,,,,,,,,,,,,,,,16,573,63,,,,,,
869,28946.2,12,313,391,,,,,,,15,602,338,,,,,,,,,,,,,,,,16,546,37,,,,,,
870,28978.4,12,347,407,,,,,,,15,623,303,,,,,,,,,,,,,,,,15,515,18,,,,,,
871,29014,12,382,418,,,,,,,15,637,265,,,,,,,,,,,,,,,,14,482,5,,,,,,
872,29046.1,12,420,422,,,,,,,15,646,225,,,,,,,,,,,,,,,,13,448,1,,,,,,
873,29078.3,12,458,419,,,,,,,15,646,185,,,,,,,,,,,,,,,,12,414,1,,,,,,
874,29114.1,12,495,411,,,,,,,16,644,146,,,,,,,,,,,,,,,,14,381,3,,,,,,
875,29146.5,12,532,397,,,,,,,15,632,107,,,,,,,,,,,,,,,,16,350,13,,,,,,
876,29179,12,566,376,,,,,,,16,616,73,,,,,,,,,,,,,,,,15,322,29,,,,,,
877,29214.3,12,597,350,,,,,,,15,594,42,,,,,,,,,,,,,,,,15,299,52,,,,,,
878,29246.3,12,623,319,,,,,,,16,569,15,,,,,,,,,,,,,,,,15,279,77,,,,,,
879,29278.7,12,645,284,,,,,,,14,539,1,,,,,,,,,,,,,,,,15,264,106,,,,,,
880,29314.9,12,662,245,,,,,,,,,,,,,,,,,,,,,,,,,16,256,137,,,,,,
881,29346.2,12,671,206,,,,,,,,,,,,,,,,,,,,,,,,,14,253,168,,,,,,
882,29378.3,12,674,165,,,,,,,,,,,,,,,,,,,,,,,,,14,257,202,,,,,,
883,29417.4,13,672,125,,,,,,,,,,,,,,,,,,,,,,,,,15,266,235,,,,,,
884,29446.3,13,663,86,,,,,,,6,381,0,,,,,,,,,,,,,,,,15,280,267,,,,,,
885,29478.4,12,647,51,,,,,,,14,352,3,,,,,,,,,,,,,,,,15,301,296,,,,,,
886,29514.2,13,627,20,,,,,,,16,329,23,,,,,,,,,,,,,,,,16,326,321,,,,,,
887,29546.3,9,602,1,,,,,,,15,310,48,,,,,,,,,,,,,,,,15,356,342,,,,,,
888,29578.4,,,,,,,,,,15,296,76,,,,,,,,,,,,,,,,15,388,359,,,,,,
889,29614,,,,,,,,,,15,288,107,,,,,,,,,,,,,,,,15,425,370,,,,,,
890,29646.1,,,,,,,,,,15,285,139,,,,,,,,,,,,,,,,15,462,376,,,,,,
891,29678.7,,,,,,,,,,15,288,172,,,,,,,,,,,,,,,,15,502,376,,,,,,
892,29715,,,,,,,,,,15,296,204,,,,,,,,,,,,,,,,15,541,369,,,,,,
893,29750.9,,,,,,,,,,15,311,235,,,,,,,,,,,,,,,,15,579,356,,,,,,
894,29779.1,,,,,,,,,,15,330,263,,,,,,,,,,,,,,,,15,616,338,,,,,,
895,29814.9,9,366,1,,,,,,,16,355,289,,,,,,,,,,,,,,,,16,649,314,,,,,,
896,29846.7,12,346,17,,,,,,,15,383,311,,,,,,,,,,,,,,,,16,678,284,,,,,,
897,29878.4,13,331,45,,,,,,,16,415,329,,,,,,,,,,,,,,,,15,704,250,,,,,,
898,29914,13,322,76,,,,,,,16,452,342,,,,,,,,,,,,,,,,16,722,213,,,,,,
899,29947.5,13,318,108,,,,,,,15,489,348,,,,,,,,,,,,,,,,15,736,174,,,,,,
900,29979.9,13,321,141,,,,,,,16,528,350,,,,,,,,,,,,,,,,16,744,134,,,,,,
901,30014,13,330,174,,,,,,,15,568,345,,,,,,,,,,,,,,,,16,746,94,,,,,,
902,30046.1,12,343,205,,,,,,,16,607,335,,,,,,,,,,,,,,,,15,740,55,,,,,,
903,30078.2,12,363,236,,,,,,,15,644,318,,,,,,,,,,,,,,,,15,729,20,,,,,,
904,30114.1,12,387,262,,,,,,,16,679,294,,,,,,,,,,,,,,,,8,714,0,,,,,,
905,30146.2,13,416,286,,,,,,,15,711,267,,,,,,,,,,,,,,,,,,,,,,,,
906,30178.4,13,448,305,,,,,,,15,737,235,,,,,,,,,,,,,,,,,,,,,,,,
907,30214.3,13,484,319,,,,,,,16,759,199,,,,,,,,,,,,,,,,,,,,,,,,
908,30246.4,12,523,328,,,,,,,15,775,162,,,,,,,,,,,,,,,,,,,,,,,,
909,30279.9,12,563,331,,,,,,,15,787,124,,,,,,,,,,,,,,,,,,,,,,,,
910,30314.2,12,603,327,,,,,,,15,791,84,,,,,,,,,,,,,,,,,,,,,,,,
911,30346.4,13,643,318,,,,,,,,,,,,,,,,,,,,,,,,,,,,,,,,,
912,30378.6,12,683,302,,,,,,,15,781,9,,,,,,,,,,,,,,,,,,,,,,,,
913,30414.2,12,719,281,,,,,,,,,,,,,,,,,,,,,,,,,,,,,,,,,
914,30446.2,12,753,255,,,,,,,,,,,,,,,,,,,,,,,,,,,,,,,,,
915,30478.2,12,783,224,,,,,,,,,,,,,,,,,,,,,,,,,,,,,,,,,
916,30514.3,11,808,190,,,,,,,,,,,,,,,,,,,,,,,,,16,428,12,,,,,,
917,30546.3,12,828,153,,,,,,,,,,,,,,,,,,,,,,,,,15,422,43,,,,,,
918,30579,12,842,114,,,,,,,,,,,,,,,,,,,,,,,,,16,422,75,,,,,,
919,30621.9,12,849,75,,,,,,,,,,,,,,,,,,,,,,,,,16,427,108,,,,,,
920,30646.2,,,,,,,,,,,,,,,,,,,,,,,,,,,,16,438,140,,,,,,
921,30678.8,12,846,2,,,,,,,,,,,,,,,,,,,,,,,,,15,455,170,,,,,,
922,30714.9,,,,,,,,,,,,,,,,,,,,,,,,,,,,14,478,199,,,,,,
923,30746.3,,,,,,,,,,,,,,,,,,,,,,,,,,,,15,504,225,,,,,,
924,30779.9,,,,,,,,,,,,,,,,,,,,,,,,,,,,15,535,247,,,,,,
925,30814.3,,,,,,,,,,,,,,,,,,,,,,,,,,,,15,570,265,,,,,,
926,30846.6,,,,,,,,,,15,486,7,,,,,,,,,,,,,,,,15,607,277,,,,,,
927,30879.9,,,,,,,,,,15,484,37,,,,,,,,,,,,,,,,15,647,284,,,,,,
928,30914,,,,,,,,,,15,488,68,,,,,,,,,,,,,,,,15,689,285,,,,,,
929,30946.7,,,,,,,,,,15,498,101,,,,,,,,,,,,,,,,16,730,280,,,,,,
930,30986,,,,,,,,,,15,513,132,,,,,,,,,,,,,,,,15,772,270,,,,,,
931,31014,,,,,,,,,,15,533,160,,,,,,,,,,,,,,,,15,814,253,,,,,,
932,31048.2,,,,,,,,,,15,557,188,,,,,,,,,,,,,,,,15,852,232,,,,,,
933,31079.6,,,,,,,,,,16,587,210,,,,,,,,,,,,,,,,15,887,205,,,,,,
934,31114.2,,,,,,,,,,16,620,230,,,,,,,,,,,,,,,,15,918,174,,,,,,
935,31146.2,,,,,,,,,,15,656,245,,,,,,,,,,,,,,,,16,942,141,,,,,,
936,31178.2,12,551,2,,,,,,,16,696,254,,,,,,,,,,,,,,,,16,962,105,,,,,,
937,31214.2,13,553,30,,,,,,,16,737,259,,,,,,,,,,,,,,,,14,977,68,,,,,,
938,31246.5,13,561,62,,,,,,,16,780,257,,,,,,,,,,,,,,,,10,983,20,,,,,,
939,31278.3,13,574,94,,,,,,,16,822,250,,,,,,,,,,,,,,,,10,986,1,,,,,,
940,31314,13,592,124,,,,,,,16,863,236,,,,,,,,,,,,,,,,,,,,,,,,
941,31346.8,13,616,154,,,,,,,16,904,217,,,,,,,,,,,,,,,,,,,,,,,,
942,31379,12,643,179,,,,,,,15,939,193,,,,,,,,,,,,,,,,,,,,,,,,
943,31414.3,13,675,200,,,,,,,15,973,166,,,,,,,,,,,,,,,,,,,,,,,,
944,31446.5,12,709,217,,,,,,,,,,,,,,,,,,,,,,,,,,,,,,,,,
945,31478.7,13,706,223,,,,,,,,,,,,,,,,,,,,,,,,,,,,,,,,,
946,31514.2,12,699,231,,,,,,,,,,,,,,,,,,,,,,,,,,,,,,,,,
947,31546.1,12,699,248,,,,,,,,,,,,,,,,,,,,,,,,,,,,,,,,,
948,31579.8,13,702,271,,,,,,,,,,,,,,,,,,,,,,,,,,,,,,,,,
949,31614.3,13,706,298,,,,,,,,,,,,,,,,,,,,,,,,,,,,,,,,,
950,31646.1,12,704,326,,,,,,,,,,,,,,,,,,,,,,,,,,,,,,,,,
951,31678.3,12,703,359,,,,,,,,,,,,,,,,,,,,,,,,,,,,,,,,,
952,31714.4,12,707,396,,,,,,,,,,,,,,,,,,,,,,,,,11,808,2,,,,,,
953,31746.3,12,713,434,,,,,,,14,795,28,,,,,,,,,,,,,,,,11,794,21,,,,,,
954,31778.5,12,723,471,,,,,,,7,790,57,,,,,,,,,,,,,,,,13,784,64,,,,,,
955,31814.1,12,732,503,,,,,,,5,958,320,,,,,,,,,,,,,,,,15,773,91,,,,,,
956,31846.6,12,742,534,,,,,,,,,,,,,,,,,,,,,,,,,15,767,116,,,,,,
957,31878.3,14,735,552,,,,,,,14,960,352,,,,,,,,,,,,,,,,15,768,131,,,,,,
958,31914,14,724,561,,,,,,,14,952,366,,,,,,,,,,,,,,,,15,763,139,,,,,,
959,31946.5,13,709,568,,,,,,,14,939,374,,,,,,,,,,,,,,,,15,751,144,,,,,,
960,31978.3,7,703,578,,,,,,,14,930,371,,,,,,,,,,,,,,,,14,733,147,,,,,,
961,32014.3,,,,,,,,,,14,922,367,,,,,,,,,,,,,,,,15,718,148,,,,,,
962,32046.5,,,,,,,,,,14,916,366,,,,,,,,,,,,,,,,15,709,150,,,,,,
963,32078.5,,,,,,,,,,12,912,364,,,,,,,,,,,,,,,,14,702,153,,,,,,
964,32114.2,,,,,,,,,,12,910,362,,,,,,,,,,,,,,,,15,687,160,,,,,,
965,32150.3,,,,,,,,,,7,904,354,,,,,,,,,,,,,,,,15,663,169,,,,,,
966,32179.6,,,,,,,,,,,,,,,,,,,,,,,,,,,,14,632,180,,,,,,
967,32219.2,7,760,573,,,,,,,,,,,,,,,,,,,,,,,,,15,595,198,,,,,,
968,32246.5,11,792,563,,,,,,,,,,,,,,,,,,,,,,,,,15,554,227,,,,,,
969,32278.1,8,825,545,,,,,,,,,,,,,,,,,,,,,,,,,15,516,263,,,,,,
970,32314,12,852,509,,,,,,,,,,,,,,,,,,,,,,,,,15,488,309,,,,,,
971,32346.1,12,871,469,,,,,,,16,720,208,,,,,,,,,,,,,,,,15,469,359,,,,,,
972,32379,12,878,426,,,,,,,16,670,209,,,,,,,,,,,,,,,,15,460,411,,,,,,
973,32414.2,12,873,382,,,,,,,16,621,222,,,,,,,,,,,,,,,,15,462,463,,,,,,
974,32446.1,12,856,340,,,,,,,16,574,245,,,,,,,,,,,,,,,,14,475,513,,,,,,
975,32478.2,12,828,305,,,,,,,16,533,277,,,,,,,,,,,,,,,,15,496,559,,,,,,
976,32514.1,12,791,276,,,,,,,15,499,317,,,,,,,,,,,,,,,,15,525,599,,,,,,
977,32551,12,747,257,,,,,,,14,473,362,,,,,,,,,,,,,,,,15,562,632,,,,,,
978,32578.4,12,699,250,,,,,,,15,458,412,,,,,,,,,,,,,,,,15,605,656,,,,,,
979,32614.4,12,650,253,,,,,,,15,452,463,,,,,,,,,,,,,,,,15,650,669,,,,,,
980,32646.1,12,601,267,,,,,,,14,456,515,,,,,,,,,,,,,,,,15,696,672,,,,,,
981,32678.2,12,555,292,,,,,,,14,470,563,,,,,,,,,,,,,,,,15,742,665,,,,,,
982,32714.1,12,516,326,,,,,,,15,492,609,,,,,,,,,,,,,,,,16,783,646,,,,,,
983,32749.5,12,484,368,,,,,,,15,523,647,,,,,,,,,,,,,,,,16,817,618,,,,,,
984,32779,12,460,413,,,,,,,15,562,678,,,,,,,,,,,,,,,,16,843,583,,,,,,
985,32814.6,12,446,465,,,,,,,16,605,699,,,,,,,,,,,,,,,,16,858,542,,,,,,
986,32846.1,12,443,517,,,,,,,16,650,712,,,,,,,,,,,,,,,,16,861,500,,,,,,
987,32879,12,449,568,,,,,,,15,697,713,,,,,,,,,,,,,,,,16,852,457,,,,,,
988,32914,12,466,617,,,,,,,16,742,705,,,,,,,,,,,,,,,,16,833,419,,,,,,
989,32946.2,12,490,661,,,,,,,16,780,684,,,,,,,,,,,,,,,,15,803,387,,,,,,
990,32978.3,12,523,699,,,,,,,15,814,657,,,,,,,,,,,,,,,,16,765,363,,,,,,
991,33014.3,12,563,730,,,,,,,15,839,622,,,,,,,,,,,,,,,,15,722,349,,,,,,
992,33046.1,11,608,750,,,,,,,15,853,583,,,,,,,,,,,,,,,,15,675,344,,,,,,
993,33078.4,11,655,761,,,,,,,15,856,541,,,,,,,,,,,,,,,,15,628,351,,,,,,
994,33114.1,12,702,761,,,,,,,15,847,500,,,,,,,,,,,,,,,,15,583,368,,,,,,
995,33146,12,747,750,,,,,,,16,827,463,,,,,,,,,,,,,,,,15,541,394,,,,,,
996,33178.5,12,787,730,,,,,,,15,798,431,,,,,,,,,,,,,,,,14,506,428,,,,,,
997,33214.6,12,821,701,,,,,,,16,761,408,,,,,,,,,,,,,,,,15,477,470,,,,,,
998,33246,12,845,665,,,,,,,15,719,393,,,,,,,,,,,,,,,,14,457,516,,,,,,
999,33278.6,12,859,624,,,,,,,16,673,391,,,,,,,,,,,,,,,,14,447,566,,,,,,
1000,33314,12,861,583,,,,,,,15,627,397,,,,,,,,,,,,,,,,15,446,617,,,,,,
1001,33346.4,12,851,541,,,,,,,15,583,414,,,,,,,,,,,,,,,,15,455,667,,,,,,
1002,33378.3,12,831,504,,,,,,,15,543,442,,,,,,,,,,,,,,,,14,474,715,,,,,,
1003,33414.3,12,801,472,,,,,,,15,507,475,,,,,,,,,,,,,,,,15,502,757,,,,,,
1004,33446.4,13,765,449,,,,,,,15,480,516,,,,,,,,,,,,,,,,15,536,795,,,,,,
1005,33478.4,12,722,435,,,,,,,15,462,563,,,,,,,,,,,,,,,,15,577,823,,,,,,
1006,33514.1,12,676,432,,,,,,,14,453,612,,,,,,,,,,,,,,,,15,623,844,,,,,,
1007,33546.2,12,630,440,,,,,,,14,454,663,,,,,,,,,,,,,,,,16,671,853,,,,,,
1008,33578.6,12,586,458,,,,,,,14,464,712,,,,,,,,,,,,,,,,15,718,852,,,,,,
1009,33614.1,12,547,484,,,,,,,14,483,760,,,,,,,,,,,,,,,,15,764,840,,,,,,
1010,33646.6,12,513,519,,,,,,,15,511,802,,,,,,,,,,,,,,,,15,805,819,,,,,,
1011,33678.3,12,486,561,,,,,,,15,547,839,,,,,,,,,,,,,,,,15,839,789,,,,,,
1012,33714.2,11,468,608,,,,,,,15,587,868,,,,,,,,,,,,,,,,15,862,752,,,,,,
1013,33746.2,12,460,658,,,,,,,15,633,887,,,,,,,,,,,,,,,,16,875,712,,,,,,
1014,33778.4,12,461,709,,,,,,,15,681,895,,,,,,,,,,,,,,,,16,878,670,,,,,,
1015,33814.2,12,472,759,,,,,,,16,729,895,,,,,,,,,,,,,,,,16,869,630,,,,,,
1016,33846.2,12,492,807,,,,,,,15,775,884,,,,,,,,,,,,,,,,16,849,593,,,,,,
1017,33878.6,12,521,850,,,,,,,15,814,862,,,,,,,,,,,,,,,,16,821,563,,,,,,
1018,33914.2,12,558,887,,,,,,,15,848,834,,,,,,,,,,,,,,,,15,785,541,,,,,,
1019,33946.1,12,600,916,,,,,,,15,873,798,,,,,,,,,,,,,,,,15,744,528,,,,,,
1020,33980.5,12,647,936,,,,,,,15,888,759,,,,,,,,,,,,,,,,14,701,526,,,,,,
1021,34019.1,12,697,945,,,,,,,15,891,718,,,,,,,,,,,,,,,,14,658,533,,,,,,
1022,34046.5,12,745,943,,,,,,,15,884,678,,,,,,,,,,,,,,,,15,616,549,,,,,,
1023,34078.9,12,792,932,,,,,,,15,866,641,,,,,,,,,,,,,,,,15,579,575,,,,,,
1024,34114.5,12,834,912,,,,,,,16,839,611,,,,,,,,,,,,,,,,15,547,609,,,,,,
1025,34147,12,869,882,,,,,,,16,805,588,,,,,,,,,,,,,,,,15,521,649,,,,,,
1026,34178.3,12,894,847,,,,,,,16,765,574,,,,,,,,,,,,,,,,14,504,695,,,,,,
1027,34214.9,12,910,807,,,,,,,16,724,571,,,,,,,,,,,,,,,,14,496,744,,,,,,
1028,34246.1,12,915,764,,,,,,,15,680,576,,,,,,,,,,,,,,,,14,498,795,,,,,,
1029,34279.4,12,909,724,,,,,,,15,640,592,,,,,,,,,,,,,,,,15,510,845,,,,,,
1030,34313.9,12,892,687,,,,,,,15,602,617,,,,,,,,,,,,,,,,15,530,892,,,,,,
1031,34346.2,12,866,655,,,,,,,15,570,649,,,,,,,,,,,,,,,,15,558,936,,,,,,
1032,34378.4,12,832,631,,,,,,,15,546,689,,,,,,,,,,,,,,,,15,595,974,,,,,,
1033,34414.3,12,793,616,,,,,,,15,530,735,,,,,,,,,,,,,,,,15,637,1004,,,,,,
1034,34446.6,12,751,611,,,,,,,14,521,783,,,,,,,,,,,,,,,,15,684,1024,,,,,,
1035,34478.3,12,709,616,,,,,,,15,523,833,,,,,,,,,,,,,,,,15,735,1033,,,,,,
1036,34514.3,12,668,631,,,,,,,15,533,884,,,,,,,,,,,,,,,,15,783,1033,,,,,,
1037,34546.2,12,630,656,,,,,,,15,552,932,,,,,,,,,,,,,,,,16,833,1026,,,,,,
1038,34578.2,12,598,688,,,,,,,16,580,975,,,,,,,,,,,,,,,,15,876,1007,,,,,,
1039,34614.4,12,572,727,,,,,,,15,616,1013,,,,,,,,,,,,,,,,15,913,979,,,,,,
1040,34646.5,12,555,773,,,,,,,14,658,1038,,,,,,,,,,,,,,,,15,941,944,,,,,,
1041,34678.2,12,546,822,,,,,,,,,,,,,,,,,,,,,,,,,15,960,906,,,,,,
1042,34714.1,12,547,872,,,,,,,,,,,,,,,,,,,,,,,,,15,969,864,,,,,,
1043,34746.2,12,557,923,,,,,,,,,,,,,,,,,,,,,,,,,15,966,824,,,,,,
1044,34778.7,12,576,971,,,,,,,,,,,,,,,,,,,,,,,,,16,954,786,,,,,,
1045,34818.2,12,604,1016,,,,,,,,,,,,,,,,,,,,,,,,,15,931,753,,,,,,
1046,34854.6,,,,,,,,,,16,934,1027,,,,,,,,,,,,,,,,15,900,727,,,,,,
1047,34879,,,,,,,,,,15,965,994,,,,,,,,,,,,,,,,15,864,711,,,,,,
1048,34915.3,,,,,,,,,,15,986,957,,,,,,,,,,,,,,,,15,825,703,,,,,,
1049,34947.1,,,,,,,,,,16,999,916,,,,,,,,,,,,,,,,15,784,704,,,,,,
1050,34978.2,,,,,,,,,,15,999,876,,,,,,,,,,,,,,,,15,744,716,,,,,,
1051,35014,,,,,,,,,,15,989,838,,,,,,,,,,,,,,,,15,708,737,,,,,,
1052,35046.3,,,,,,,,,,16,970,805,,,,,,,,,,,,,,,,15,675,766,,,,,,
1053,35078.6,,,,,,,,,,16,942,777,,,,,,,,,,,,,,,,15,649,802,,,,,,
1054,35114.4,9,999,1038,,,,,,,16,909,759,,,,,,,,,,,,,,,,15,630,845,,,,,,
1055,35146.1,12,1022,1007,,,,,,,16,871,747,,,,,,,,,,,,,,,,15,619,891,,,,,,
1056,35178.3,12,1037,967,,,,,,,16,831,747,,,,,,,,,,,,,,,,14,618,941,,,,,,
1057,35214.4,12,1040,927,,,,,,,16,792,755,,,,,,,,,,,,,,,,15,626,991,,,,,,
1058,35246.4,12,1034,887,,,,,,,16,755,774,,,,,,,,,,,,,,,,13,643,1036,,,,,,
1059,35278.4,12,1017,852,,,,,,,15,722,800,,,,,,,,,,,,,,,,,,,,,,,,
1060,35317.7,12,992,822,,,,,,,16,695,836,,,,,,,,,,,,,,,,,,,,,,,,
1061,35346.5,12,960,801,,,,,,,15,675,876,,,,,,,,,,,,,,,,,,,,,,,,
1062,35380.1,12,923,788,,,,,,,15,664,922,,,,,,,,,,,,,,,,,,,,,,,,
1063,35414,12,883,784,,,,,,,16,661,969,,,,,,,,,,,,,,,,,,,,,,,,
1064,35446.5,13,844,791,,,,,,,15,666,1019,,,,,,,,,,,,,,,,,,,,,,,,
1065,35479.1,12,806,806,,,,,,,,,,,,,,,,,,,,,,,,,,,,,,,,,
1066,35514.3,12,772,831,,,,,,,,,,,,,,,,,,,,,,,,,,,,,,,,,
1067,35546.5,12,743,865,,,,,,,,,,,,,,,,,,,,,,,,,,,,,,,,,
1068,35578.3,12,722,903,,,,,,,,,,,,,,,,,,,,,,,,,,,,,,,,,
1069,35614.2,13,709,948,,,,,,,,,,,,,,,,,,,,,,,,,,,,,,,,,
1070,35646.1,12,704,996,,,,,,,,,,,,,,,,,,,,,,,,,,,,,,,,,
1071,35678.7,8,707,1038,,,,,,,,,,,,,,,,,,,,,,,,,,,,,,,,,
1074,35778.4,,,,,,,,,,,,,,,,,,,,,,,,,,,,13,1096,919,,,,,,
1075,35814,,,,,,,,,,,,,,,,,,,,,,,,,,,,15,1074,894,,,,,,
1076,35846.6,,,,,,,,,,,,,,,,,,,,,,,,,,,,15,1042,876,,,,,,
1077,35878.2,,,,,,,,,,,,,,,,,,,,,,,,,,,,15,1008,867,,,,,,
1078,35914.1,,,,,,,,,,,,,,,,,,,,,,,,,,,,15,983,854,,,,,,
1079,35946.1,,,,,,,,,,,,,,,,,,,,,,,,,,,,15,958,845,,,,,,
1080,35978.2,,,,,,,,,,,,,,,,,,,,,,,,,,,,15,932,841,,,,,,
1081,36014.4,,,,,,,,,,,,,,,,,,,,,,,,,,,,15,908,841,,,,,,
1082,36046.4,,,,,,,,,,,,,,,,,,,,,,,,,,,,15,886,845,,,,,,
1083,36079.9,,,,,,,,,,,,,,,,,,,,,,,,,,,,15,866,852,,,,,,
1084,36114.3,,,,,,,,,,,,,,,,,,,,,,,,,,,,15,848,862,,,,,,
1085,36146.2,,,,,,,,,,,,,,,,,,,,,,,,,,,,15,834,876,,,,,,
1086,36179,,,,,,,,,,11,1098,810,,,,,,,,,,,,,,,,15,823,892,,,,,,
1087,36214.5,,,,,,,,,,15,1086,790,,,,,,,,,,,,,,,,15,816,909,,,,,,
1088,36246.3,,,,,,,,,,16,1063,771,,,,,,,,,,,,,,,,15,812,928,,,,,,
1089,36278.5,,,,,,,,,,16,1039,759,,,,,,,,,,,,,,,,15,813,949,,,,,,
1090,36314.3,,,,,,,,,,15,1015,749,,,,,,,,,,,,,,,,15,818,969,,,,,,
1091,36346.3,,,,,,,,,,15,991,745,,,,,,,,,,,,,,,,14,827,989,,,,,,
1092,36378.4,,,,,,,,,,15,968,744,,,,,,,,,,,,,,,,14,840,1009,,,,,,
1093,36414.3,,,,,,,,,,16,947,746,,,,,,,,,,,,,,,,15,856,1027,,,,,,
1094,36450.4,,,,,,,,,,16,928,752,,,,,,,,,,,,,,,,13,877,1038,,,,,,
1095,36478.4,,,,,,,,,,16,912,762,,,,,,,,,,,,,,,,,,,,,,,,
1096,36514.4,,,,,,,,,,15,898,774,,,,,,,,,,,,,,,,,,,,,,,,
1097,36546.1,,,,,,,,,,15,887,789,,,,,,,,,,,,,,,,,,,,,,,,
1098,36578.2,,,,,,,,,,15,881,806,,,,,,,,,,,,,,,,,,,,,,,,
1099,36614,,,,,,,,,,15,876,822,,,,,,,,,,,,,,,,,,,,,,,,
1100,36646.1,,,,,,,,,,15,868,825,,,,,,,,,,,,,,,,,,,,,,,,
1101,36678.2,,,,,,,,,,15,864,819,,,,,,,,,,,,,,,,,,,,,,,,
1102,36714.4,,,,,,,,,,15,861,801,,,,,,,,,,,,,,,,,,,,,,,,
1103,36746.2,,,,,,,,,,15,857,774,,,,,,,,,,,,,,,,11,985,1038,,,,,,
1104,36778.6,,,,,,,,,,15,849,739,,,,,,,,,,,,,,,,16,965,1019,,,,,,
1105,36814.4,,,,,,,,,,15,843,696,,,,,,,,,,,,,,,,16,940,986,,,,,,
1106,36846.4,,,,,,,,,,16,839,653,,,,,,,,,,,,,,,,15,917,948,,,,,,
1107,36878.3,,,,,,,,,,16,832,613,,,,,,,,,,,,,,,,15,898,911,,,,,,
1108,36914.1,,,,,,,,,,16,826,575,,,,,,,,,,,,,,,,15,881,873,,,,,,
1109,36947.6,,,,,,,,,,15,820,538,,,,,,,,,,,,,,,,15,867,836,,,,,,
1110,36978.3,5,1098,462,,,,,,,15,810,507,,,,,,,,,,,,,,,,14,852,804,,,,,,
1111,37014.9,,,,,,,,,,15,797,485,,,,,,,,,,,,,,,,10,839,778,,,,,,
1112,37046.4,,,,,,,,,,15,787,475,,,,,,,,,,,,,,,,,,,,,,,,
1113,37078.3,,,,,,,,,,15,783,468,,,,,,,,,,,,,,,,,,,,,,,,
1114,37114.1,,,,,,,,,,15,778,460,,,,,,,,,,,,,,,,,,,,,,,,
1115,37146.3,,,,,,,,,,14,771,449,,,,,,,,,,,,,,,,,,,,,,,,
1116,37178.9,,,,,,,,,,15,765,438,,,,,,,,,,,,,,,,,,,,,,,,
1117,37214.4,,,,,,,,,,15,760,428,,,,,,,,,,,,,,,,,,,,,,,,
1118,37246.3,,,,,,,,,,14,752,423,,,,,,,,,,,,,,,,,,,,,,,,
1119,37278.2,,,,,,,,,,15,742,425,,,,,,,,,,,,,,,,,,,,,,,,
1120,37314.2,,,,,,,,,,15,728,429,,,,,,,,,,,,,,,,,,,,,,,,
1121,37351.9,,,,,,,,,,15,716,444,,,,,,,,,,,,,,,,,,,,,,,,
1122,37378.4,,,,,,,,,,15,699,469,,,,,,,,,,,,,,,,,,,,,,,,
1123,37414,7,941,359,,,,,,,15,678,497,,,,,,,,,,,,,,,,,,,,,,,,
1124,37446.4,12,889,337,,,,,,,15,664,527,,,,,,,,,,,,,,,,,,,,,,,,
1125,37478.5,12,840,327,,,,,,,15,659,557,,,,,,,,,,,,,,,,,,,,,,,,
1126,37516.6,12,794,326,,,,,,,14,662,586,,,,,,,,,,,,,,,,,,,,,,,,
1127,37546.9,12,749,335,,,,,,,15,672,614,,,,,,,,,,,,,,,,14,955,708,,,,,,
1128,37578.3,12,710,349,,,,,,,15,690,637,,,,,,,,,,,,,,,,15,988,671,,,,,,
1129,37614.1,12,677,370,,,,,,,16,714,656,,,,,,,,,,,,,,,,16,1013,630,,,,,,
1130,37646.1,12,650,397,,,,,,,15,743,670,,,,,,,,,,,,,,,,16,1032,582,,,,,,
1131,37678.2,12,632,425,,,,,,,15,777,675,,,,,,,,,,,,,,,,16,1044,529,,,,,,
1132,37715.2,12,621,456,,,,,,,16,814,672,,,,,,,,,,,,,,,,16,1046,475,,,,,,
1133,37746.3,12,619,486,,,,,,,16,852,661,,,,,,,,,,,,,,,,16,1040,420,,,,,,
1134,37778.1,13,625,516,,,,,,,15,889,641,,,,,,,,,,,,,,,,16,1024,367,,,,,,
1135,37814.4,13,638,542,,,,,,,16,925,614,,,,,,,,,,,,,,,,16,999,316,,,,,,
1136,37854.9,13,659,565,,,,,,,16,955,577,,,,,,,,,,,,,,,,15,968,272,,,,,,
1137,37878.2,12,684,582,,,,,,,15,980,535,,,,,,,,,,,,,,,,15,929,235,,,,,,
1138,37914.3,13,716,594,,,,,,,15,998,487,,,,,,,,,,,,,,,,14,887,205,,,,,,
1139,37946.3,12,752,597,,,,,,,16,1008,435,,,,,,,,,,,,,,,,14,841,183,,,,,,
1140,37979.8,12,790,592,,,,,,,15,1010,380,,,,,,,,,,,,,,,,15,794,169,,,,,,
1141,38016.1,12,830,579,,,,,,,16,1002,326,,,,,,,,,,,,,,,,15,749,164,,,,,,
1142,38047,12,867,557,,,,,,,16,985,274,,,,,,,,,,,,,,,,15,706,167,,,,,,
1143,38085.5,12,902,526,,,,,,,16,960,225,,,,,,,,,,,,,,,,15,666,178,,,,,,
1144,38118.6,12,934,489,,,,,,,15,928,182,,,,,,,,,,,,,,,,14,632,196,,,,,,
1145,38146.2,12,958,444,,,,,,,15,890,145,,,,,,,,,,,,,,,,14,604,219,,,,,,
1146,38179.9,12,976,394,,,,,,,16,849,115,,,,,,,,,,,,,,,,15,583,246,,,,,,
1147,38214.9,12,985,340,,,,,,,15,804,95,,,,,,,,,,,,,,,,15,567,276,,,,,,
1148,38246.6,12,985,285,,,,,,,15,759,83,,,,,,,,,,,,,,,,15,563,307,,,,,,
1149,38278.3,11,976,231,,,,,,,15,714,79,,,,,,,,,,,,,,,,15,564,337,,,,,,
1150,38314.3,11,958,178,,,,,,,15,672,84,,,,,,,,,,,,,,,,15,574,365,,,,,,
1151,38346.5,12,932,130,,,,,,,16,635,95,,,,,,,,,,,,,,,,16,591,390,,,,,,
1152,38378.9,12,899,88,,,,,,,15,602,114,,,,,,,,,,,,,,,,15,614,410,,,,,,
1153,38414.3,,,,,,,,,,15,575,137,,,,,,,,,,,,,,,,15,645,425,,,,,,
1154,38446.4,12,819,24,,,,,,,15,556,164,,,,,,,,,,,,,,,,15,678,432,,,,,,
1155,38478.5,12,774,4,,,,,,,15,544,193,,,,,,,,,,,,,,,,15,717,433,,,,,,
1156,38514,9,729,0,,,,,,,15,540,223,,,,,,,,,,,,,,,,16,755,424,,,,,,
1157,38546.3,6,685,0,,,,,,,15,544,253,,,,,,,,,,,,,,,,16,795,408,,,,,,
1158,38579.5,11,644,1,,,,,,,15,555,281,,,,,,,,,,,,,,,,16,833,382,,,,,,
1159,38618.1,13,607,8,,,,,,,15,573,306,,,,,,,,,,,,,,,,16,868,349,,,,,,
1160,38646.3,12,575,28,,,,,,,15,598,325,,,,,,,,,,,,,,,,16,897,308,,,,,,
1161,38680.9,13,550,53,,,,,,,15,628,339,,,,,,,,,,,,,,,,15,920,261,,,,,,
1162,38714.4,13,532,81,,,,,,,16,663,346,,,,,,,,,,,,,,,,14,937,210,,,,,,
1163,38746.1,13,522,111,,,,,,,16,700,345,,,,,,,,,,,,,,,,16,944,156,,,,,,
1164,38778.5,13,520,142,,,,,,,16,739,336,,,,,,,,,,,,,,,,15,943,101,,,,,,
1165,38814.2,12,525,173,,,,,,,17,779,318,,,,,,,,,,,,,,,,,,,,,,,,
1166,38846.5,12,538,200,,,,,,,16,817,291,,,,,,,,,,,,,,,,12,914,2,,,,,,
1167,38878.2,13,558,224,,,,,,,16,851,258,,,,,,,,,,,,,,,,,,,,,,,,
1168,38914,12,584,244,,,,,,,15,881,217,,,,,,,,,,,,,,,,,,,,,,,,
